name,name_used,uni_id,pixiv_name,pixiv_id,pixiv_url,twitter_name,twitter_id,twitter_url,twitter_roll_time,weibo_name,weibo_id,weibo_url,weibo_roll_time,bilibili_name,bilibili_id,bilibili_url,bilibili_roll_time,tags,tips
_Miio,,000000,,,,_Miio,arin189,https://x.com/arin189,2025:08:01,_Miio,5785273962,https://weibo.com/u/5785273962,3000:01:01,,,,,,
☪禰朔(ミソグ✬),,000001,☪禰朔/ミソグ✬,27060505,https://www.pixiv.net/users/27060505,ミソグ,misuo69421,https://x.com/misuo69421,2025:08:01,,,,,,,,,,
🍼,,000002,,,,🍼,mrkbncw,https://x.com/mrkbncw,2025:08:01,,,,,,,,,,
7gao,,000003,7gao,19732840,https://www.pixiv.net/users/19732840,7gao糕,7gao_1551,https://x.com/7gao_1551,2025:08:01,,,,,七刀米羔se,6874594,https://space.bilibili.com/6874594,2025:08:18,,
阿赫里伊,,000004,,,,阿赫里伊,ahriii7,https://x.com/ahriii7,2025:08:01,,,,,,,,,,
阿没MEInoss,,000005,阿没MEInoss,14997089,https://www.pixiv.net/users/14997089,阿没MEInoss,MEINOSS,https://x.com/MEINOSS,3000:01:01,阿没MEInoss,meinoss,https://weibo.com/u/meinoss,3000:01:01,阿没MEInoss,11200870,https://space.bilibili.com/11200870,3000:01:01,,
艾洛AIRool,,000006,AIRool,11173060,https://www.pixiv.net/users/11173060,AIRool,C63025522,https://x.com/C63025522,2025:08:01,艾洛AIRool,6100099142,https://weibo.com/u/6100099142,2025:08:01,艾洛AIRool,5854700,https://space.bilibili.com/5854700,2025:07:07,,
巴莎卡_R,,000007,巴莎卡_R,16741520,https://www.pixiv.net/users/16741520,,,,,,,,,巴莎卡_R,9125673,https://space.bilibili.com/9125673,2025:08:25,,
半节,,000008,半节,6179964,https://www.pixiv.net/users/6179964,,,,,,,,,,,,,,
北极兽opv,,000009,北極獸OPV,3904862,https://www.pixiv.net/users/3904862,,,,,北极兽opv,3323859344,https://weibo.com/u/3323859344,2025:08:01,北极兽opv,42641,https://space.bilibili.com/42641,2025:07:14,,
笔刷猎人Nitooman,,000010,笔刷猎人Nitooman,13167637,https://www.pixiv.net/users/13167637,笔刷猎人Nitooman,Nitooman,https://x.com/Nitooman,2025:08:01,Nitoo190,5621365640,https://weibo.com/u/5621365640,2025:08:01,笔刷猎人_Nitooman,3867027,https://space.bilibili.com/3867027,2025:08:25,,
饼饼冫,,000011,饼饼冫,7348592,https://www.pixiv.net/users/7348592,饼饼冫,bingbingdebing,https://x.com/bingbingdebing,2025:08:01,饼饼冫,3383156732,https://weibo.com/u/3383156732,2025:08:01,饼饼冫,3185813,https://space.bilibili.com/3185813,2025:07:07,,
卜卜(Caaaaarrot),,000012,卜卜,2156906,https://www.pixiv.net/users/2156906,トト,Caaaaarrot_2525,https://x.com/Caaaaarrot_2525,2025:08:01,撸卜,1963117595,https://weibo.com/u/1963117595,3000:01:01,Caaaaarrot,150300,https://space.bilibili.com/150300,3000:01:01,,
彩莉わらび,,000013,彩莉わらび,67101736,https://www.pixiv.net/users/67101736,彩莉わらび,warabimoti_yoz,https://x.com/warabimoti_yoz,2025:08:01,,,,,,,,,,
茶ごま,,000014,茶ごま,3462492,https://www.pixiv.net/users/3462492,茶ごま,tya_goma,https://x.com/tya_goma,2025:08:01,,,,,,,,,,
晁晁辣辣鱼,,000015,,,,,,,,,,,,晁晁辣辣鱼,8455439,https://space.bilibili.com/8455439,2025:08:25,,
朝白えこ,,000016,朝白えこ,12449677,https://www.pixiv.net/users/12449677,,,,,,,,,,,,,,
尘烟(airt尘),,000017,尘烟,73160537,https://www.pixiv.net/users/73160537,,,,,,,,,airt尘,400984833,https://space.bilibili.com/400984833,2025:08:04,,
池内たぬま,,000018,たぬま,9675329,https://www.pixiv.net/users/9675329,(池内)たぬま,tnm_tyny,https://x.com/tnm_tyny,2025:08:01,,,,,,,,,Manga,
赤倉,,000019,赤倉＠画集発売中,882569,https://www.pixiv.net/users/882569,赤倉初画集「Ludique」発売中,akakura1341,https://x.com/akakura1341,2025:08:01,,,,,,,,,,
赤醬,,000020,,,,赤醬,Jamama_666,https://x.com/Jamama_666,2025:08:01,,,,,,,,,,
出水ぽすか(ポ～ン),,000021,ポ～ン（出水ぽすか）,33333,https://www.pixiv.net/users/33333,出水ぽすか(ポ～ン）,DemizuPosuka,https://x.com/DemizuPosuka,3000:01:01,,,,,,,,,,
春昼京芒,,000022,,,,春昼京芒,nana237209,https://x.com/nana237209,3000:01:01,春昼京芒,5847705724,https://weibo.com/u/5847705724,2025:08:01,春昼京芒,11354946,https://space.bilibili.com/11354946,2025:08:25,,
岛的鲸,,000023,岛的鲸,7386235,https://www.pixiv.net/users/7386235,,,,,岛的鲸,7459593197,https://weibo.com/u/7459593197,2025:08:01,岛的鲸乘以鲸白一,1687844,https://space.bilibili.com/1687844,2025:05:31,,
荻pote,,000024,荻pote,2131660,https://www.pixiv.net/users/2131660,荻pote@1日目南a-42a,ogipote,https://x.com/ogipote,2025:08:01,,,,,,,,,,
东森薰兔(幸福安心兔委会),,000025,东森熏兔,42858947,https://www.pixiv.net/users/42858947,东森熏兔,b7o7UhjvQ6GWi9o,https://x.com/b7o7UhjvQ6GWi9o,2025:08:01,幸福安心兔委会,6184991369,https://weibo.com/u/6184991369,2025:08:01,大福草莓兔,6835030,https://space.bilibili.com/6835030,2025:07:14,,
冬灯,,000026,冬灯,62454088,https://www.pixiv.net/users/62454088,冬灯;冬灯🔞,Iranon_;WinterLantern3,https://x.com/Iranon_;https://x.com/WinterLantern3,2025:08:01,冬灯_Iranon,5921698035,https://weibo.com/5921698035,2025:08:01,冬灯_Iranon,880797,https://space.bilibili.com/880797,2025:07:21,,
東天紅,,000027,東天紅,3757061,https://www.pixiv.net/users/3757061,東天紅,toutenkou10105,https://x.com/toutenkou10105,2025:08:01,,,,,,,,,,
東西,,000028,東西,16347608,https://www.pixiv.net/users/16347608,東西,TZpoppin_phl95,https://x.com/TZpoppin_phl95,2025:08:01,,,,,,,,,,
发粪涂墙猫猫虫,,000029,发粪涂墙猫猫虫,44992123,https://www.pixiv.net/users/44992123,,,,,,,,,发粪涂墙猫猫虫,385651762,https://space.bilibili.com/385651762,2025:07:07,,
放射性彗星,,000030,,,,放射性彗星,91231_,https://x.com/91231_,2025:08:01,放射性彗星,2883994684,https://weibo.com/u/2883994684,2025:08:01,放射性彗星,1723008064,https://space.bilibili.com/1723008064,2025:05:31,,
飛者,,000031,飛者@春例い02ab,23800170,https://www.pixiv.net/users/23800170,飛者,Uwata_h,https://x.com/Uwata_h,2025:08:01,,,,,,,,,,
富士やま,,000032,富士やま,9343974,https://www.pixiv.net/users/9343974,富士やま Fujiyama;rin(ت),fujiyamatzn;rin_ROYAL,https://x.com/fujiyamatzn;https://x.com/rin_ROYAL,2025:08:01,Fujiyama_TOZANBU,7777790407,https://weibo.com/u/7777790407,2025:08:01,富士やま,2083962247,https://space.bilibili.com/2083962247,2025:07:01,Manga,
紺屋鴉江,,000033,紺屋鴉江,10109777,https://www.pixiv.net/users/10109777,KonYa666,hxPTwPREsH6ll10,https://x.com/hxPTwPREsH6ll10,2025:08:01,KonYa666,7096336017,https://weibo.com/u/7096336017,2025:08:01,,,,,,
高架(kouka),,000034,kouka,2031328,https://www.pixiv.net/users/2031328,高架/kouka,kouka_oekaki,https://x.com/kouka_oekaki,2025:08:01,,,,,,,,,,
隔夜瓜瓜,,000035,,,,,,,,隔夜瓜瓜,5259086782,https://weibo.com/u/5259086782,2025:08:01,隔夜瓜,10074425,https://space.bilibili.com/10074425,2025:08:11,,
狗企鹅(RosehipT72),,000036,RosehipT72,7899506,https://www.pixiv.net/users/7899506,狗企鹅,RosehipT72,https://x.com/RosehipT72,2025:08:01,狠毒企鵝男孩,3584256542,https://weibo.com/u/3584256542,2025:08:01,狠毒企鹅男孩,3182506,https://space.bilibili.com/3182506,2025:08:25,,
古代人x(RACHELEE___),,000037,,,,,,,,RACHELEE___,6227994839,https://weibo.com/u/6227994839,2025:08:01,古代人x,2266840,https://space.bilibili.com/2266840,2025:08:18,,
古古-咕咕咕,,000038,,,,,,,,古古-咕咕咕,5237581339,https://weibo.com/u/5237581339,2025:08:01,,,,,,
廣岡政樹,,000039,,,,廣岡政樹,masaki_hirooka,https://x.com/masaki_hirooka,2025:08:01,,,,,,,,,,
寒可是超忙的,,000040,寒可是超忙的,7227661,https://www.pixiv.net/users/7227661,,,,,,,,,,,,,,
黑桃喵二十,,000041,黑桃喵二十,16317084,https://www.pixiv.net/users/16317084,,,,,,,,,黑桃喵二十,405829804,https://space.bilibili.com/405829804,2025:07:01,,
狐观铃,,000042,,,,,,,,,,,,我狐伟大,32200784,https://space.bilibili.com/32200784,2025:07:01,,
花本,,000043,花本,8066934,https://www.pixiv.net/users/8066934,花本,Hanamoto410,https://x.com/Hanamoto410,2025:08:01,,,,,,,,,,
花久花酒(Sylvia),,000044,Sylvia,17783380,https://www.pixiv.net/users/17783380,,,,,,,,,花久花酒,2394319,https://space.bilibili.com/2394319,2025:08:25,,
环_Tamaki(Tamaki_101),,000045,Tamaki_101,61336553,https://www.pixiv.net/users/61336553,,,,,,,,,环_Tamaki,174286545,https://space.bilibili.com/174286545,2025:07:01,,
迴修所海馬(Hotaruzzzz),,000046,Hotaruzzzz,38408514,https://www.pixiv.net/users/38408514,迴修所海馬,hotaruzzzz,https://x.com/hotaruzzzz,2025:08:01,回修所海马,7310121127,https://weibo.com/u/7310121127,2025:08:01,,,,,,
伽喱柠茶_,,000047,,,,,,,,,,,,伽喱柠茶_,3546606234241769,https://space.bilibili.com/3546606234241769,2025:07:14,,
简忠威,,000048,,,,,,,,简忠威水彩艺术,6401198818,https://weibo.com/u/6401198818,2025:08:01,,,,,,
九叶桑,,000049,九叶桑,27082556,https://www.pixiv.net/users/27082556,九叶桑,jiuyesang,https://x.com/jiuyesang,2025:08:01,,,,,,,,,,
居安思危(冷司冦),,000050,居安思危,32916660,https://www.pixiv.net/users/32916660,,,,,冷司冦2号机,7529994201,https://weibo.com/u/7529994201,2025:08:01,,,,,,
卡米尔Kamill,,000051,,,,,,,,-Kamili-,2125662364,https://weibo.com/u/2125662364,2025:08:01,,,,,,
可乐米mi,,000052,可乐米mi,22334948,https://www.pixiv.net/users/22334948,,,,,,,,,丿可乐米mi,13598089,https://space.bilibili.com/13598089,2025:08:25,,
孔代Condé,,000053,孔代Condé,65407801,https://www.pixiv.net/users/65407801,,,,,,,,,喜欢我孔代大小姐吗,336664944,https://space.bilibili.com/336664944,2025:08:04,,
口卷口卷圈,,000054,,,,,,,,口卷口卷圈,5342951654,https://weibo.com/u/5342951654,2025:08:01,,,,,,
困困困(￣^￣),,000055,困困困(￣^￣),73219008,https://www.pixiv.net/users/73219008,,,,,,,,,,,,,,
肋兵器,,000056,肋兵器,15063,https://www.pixiv.net/users/15063,肋兵器,abara,https://x.com/abara,2025:08:01,,,,,,,,,,
了。,,000057,,,,了。,Szs0K,https://x.com/Szs0K,2025:08:01,,,,,,,,,,
栗樺茶,,000058,栗樺茶,13771442,https://www.pixiv.net/users/13771442,栗樺茶;栗樺茶茶,kurii89800727;kuu_rikO_,https://x.com/kurii89800727;https://x.com/kuu_rikO_,2025:08:01,,,,,,,,,,
栗毛馬,,000059,栗毛馬,64924075,https://www.pixiv.net/users/64924075,,,,,,,,,,,,,,
良子,,000060,良子,896208,https://www.pixiv.net/users/896208,,,,,,,,,,,,,,
涼貓,,000061,涼貓,11589991,https://www.pixiv.net/users/11589991,,,,,,,,,,,,,,
鈴観,,000062,,,,鈴観,ccroquette_,https://x.com/ccroquette_,2025:08:01,,,,,,,,,,
鹿羽(95号汽油拌意大利面),,000063,,,,,,,,95号汽油拌意大利面,7752939576,https://weibo.com/u/7752939576,2025:08:01,,,,,,
落舟Pile,,000064,落舟Pile,21304996,https://www.pixiv.net/users/21304996,落舟Pile,Pile258,https://x.com/Pile258,3000:01:01,落舟Pile,1854461747,https://weibo.com/u/1854461747,2025:08:01,落舟Pile,6104422,https://space.bilibili.com/6104422,2025:08:25,,
貓鯨(Nekojira),,000065,Nekojira,4526277,https://www.pixiv.net/users/4526277,貓鯨,Nekojira,https://x.com/Nekojira,2025:08:01,,,,,,,,,,
夢ノ内,,000066,夢ノ内,229788,https://www.pixiv.net/users/229788,,,,,,,,,,,,,,
米室,,000067,米室,10199606,https://www.pixiv.net/users/10199606,,,,,,,,,,,,,,
民◆joeManyODw,,000068,民◆joeManyODw,1568891,https://www.pixiv.net/users/1568891,,,,,,,,,,,,,,
名侦探ALLK,,000069,,,,,,,,蹩脚侦探ALLK,7336683380,https://weibo.com/u/7336683380,2025:08:01,,,,,,
末端热,,000070,末端热moduanre,18215432,https://www.pixiv.net/users/18215432,,,,,,,,,末端热,2266331,https://space.bilibili.com/2266331,2025:05:31,,
牡蛎不是努力,,000071,,,,,,,,牡蛎不是努力,5073476986,https://weibo.com/u/5073476986,2025:08:01,,,,,,
逆也Nemo,,000072,逆也Nemo,4523175,https://www.pixiv.net/users/4523175,,,,,逆也Nemo,2186803291,https://weibo.com/u/2186803291,2025:08:01,,,,,,
廿罗,,000073,,,,,,,,,,,,廿罗,8571162,https://space.bilibili.com/8571162,2025:08:25,,
柠檬静静静静,,000074,柠檬静静静静,66477791,https://www.pixiv.net/users/66477791,,,,,,,,,,,,,,
七田QTian,,000075,七田のQTian,22932449,https://www.pixiv.net/users/22932449,,,,,,,,,,,,,,
棲夏,,000076,棲夏,4635318,https://www.pixiv.net/users/4635318,,,,,,,,,,,,,,
岂可修丶,,000077,,,,,,,,,,,,_岂可修丶,893915,https://space.bilibili.com/893915,2025:08:25,,
千夜QYS3,,000078,千夜QYS3,7210261,https://www.pixiv.net/users/7210261,,,,,,,,,,,,,,
淺春,,000079,淺春,5662397,https://www.pixiv.net/users/5662397,,,,,,,,,,,,,,
青籺菌子(Oycico-),,000080,青籺菌子,68659231,https://www.pixiv.net/users/68659231,Oycico,UPAOIII,https://x.com/UPAOIII,2025:08:01,Oycico-,6482764088,https://weibo.com/u/6482764088,2025:08:01,,,,,,
晴のちsakana,,000081,晴のちsakana,3595551,https://www.pixiv.net/users/3595551,,,,,,,,,,,,,,
全班最菜嘤嘤嘤,,000082,,,,YYY_( ´･ᴗ･` ),zelda10010,https://x.com/zelda10010,2025:08:01,全班最菜嘤嘤嘤,7477949468,https://weibo.com/u/7477949468,2025:08:01,,,,,,
穰雀,,000083,穰雀,78406183,https://www.pixiv.net/users/78406183,,,,,,,,,,,,,,
人子Rz,,000084,,,,,,,,人子Rz,7174237452,https://weibo.com/u/7174237452,2025:08:01,,,,,,
日宝,,000085,日宝,67093476,https://www.pixiv.net/users/67093476,,,,,,,,,,,,,,
若干爪,,000086,若干爪,23174275,https://www.pixiv.net/users/23174275,若干爪,ruoganzhua,https://x.com/ruoganzhua,2025:08:01,若干爪,2837482977,https://weibo.com/u/2837482977,2025:08:01,,,,,,
塞尤碧cub,,000087,塞尤碧cub,20933241,https://www.pixiv.net/users/20933241,塞尤碧cub,cubkoyob,https://x.com/cubkoyob,2025:08:01,,,,,塞尤碧cub,8167761,https://space.bilibili.com/8167761,2025:05:31,,
叁,,000088,叁,10937496,https://www.pixiv.net/users/10937496,,,,,,,,,,,,,,
傘_,,000089,傘_,82368321,https://www.pixiv.net/users/82368321,傘_,_Regenschirm__,https://x.com/_Regenschirm__,2025:08:01,,,,,,,,,,
山田烟草,,000090,,,,山田烟草,1256533562T,https://x.com/1256533562T,2025:08:01,山田烟草,5417287179,https://weibo.com/u/5417287179,2025:08:01,,,,,,
山中梅,,000091,山中梅,12873498,https://www.pixiv.net/users/12873498,,,,,,,,,,,,,,
上倉エク,,000092,上倉エク,299299,https://www.pixiv.net/users/299299,,,,,,,,,,,,,,
烧心斋,,000093,,,,,,,,,,,,一个点txt,454663758,https://space.bilibili.com/454663758,2025:08:18,,
深霖間,,000094,,,,,,,,深霖間,7115668024,https://weibo.com/u/7115668024,2025:08:01,,,,,,
什阿纺,,000095,,,,,,,,什阿纺,7744308001,https://weibo.com/u/7744308001,2025:08:01,,,,,,
神奇的9君,,000096,神奇的9君,34734391,https://www.pixiv.net/users/34734391,神奇的9君,rookie_9,https://x.com/rookie_9,2025:08:01,,,,,,,,,,
十松果,,000097,,,,十松果,zeriko7,https://x.com/zeriko7,2025:08:01,十松果;一木木鼠,1778140897;6173699951,https://weibo.com/u/1778140897;https://weibo.com/u/6173699951,2025:08:01,,,,,,
收訊不良,,000098,收訊不良,7459019,https://www.pixiv.net/users/7459019,,,,,,,,,,,,,,
守月史貴(かみしき),,000099,守月 史貴（かみづき しき）,979621,https://www.pixiv.net/users/979621,守月史貴キミラバ連載中;N/A,Kamizuki_S1;Kamishiki_d1,https://x.com/Kamizuki_S1;https://x.com/Kamishiki_d1,2025:08:01,,,,,,,,,Manga,
司稽稽,,000100,司稽稽,16225778,https://www.pixiv.net/users/16225778,,,,,,,,,司稽不想画画,9817849,https://space.bilibili.com/9817849,2025:07:07,,
私期,,000101,私期,3626004,https://www.pixiv.net/users/3626004,私期,snowcake47,https://x.com/snowcake47,3000:01:01,私期,2861524284,https://weibo.com/u/2861524284,2025:08:01,,,,,,
太もも,,000102,太もも,8413186,https://www.pixiv.net/users/8413186,,,,,,,,,,,,,,
湯鬏(dolosse),,000103,dolosse,12552254,https://www.pixiv.net/users/12552254,DOLOSSE,dolosseXD,https://x.com/dolosseXD,2025:08:01,,,,,湯鬏,1994894,https://space.bilibili.com/1994894,2025:08:11,,
唐揚げ(好吃不如香香鸡),,000104,,,,唐揚げ100日チャレンジ中,toriokok,https://x.com/toriokok,2025:08:01,好吃不如香香鸡,7389052892,https://weibo.com/u/7389052892,2025:08:01,,,,,,
菟_(萩),,000105,菟_;萩,3621731;66371932,https://www.pixiv.net/users/3621731;https://www.pixiv.net/users/66371932,菟_;N/A,shiina_elisa;hagi_nnm,https://x.com/shiina_elisa;https://x.com/hagi_nnm,2025:08:01,,,,,,,,,,
望月もち(sk),,000106,望月もち;sk,15147502;101034568,https://www.pixiv.net/users/15147502;https://www.pixiv.net/users/101034568,sk,sk300666,https://x.com/sk300666,2025:08:01,,,,,,,,,,
魏特曼Wittmann,,000107,魏特曼Wittmann,26766704,https://www.pixiv.net/users/26766704,,,,,,,,,,,,,,
我要当熊猫-,,000108,,,,,,,,,,,,我要当熊猫-,36446515,https://space.bilibili.com/36446515,2025:08:11,,
巫帽Feimo(肥帽子),,000109,,,,,,,,,,,,肥帽子,5223221,https://space.bilibili.com/5223221,2025:08:11,,
夕末(XilmO),,000110,XilmO@夕末,19389056,https://www.pixiv.net/users/19389056,xilmo@夕末,xilmo1,https://x.com/xilmo1,2025:08:01,夕末的画板儿呢,3541932414,https://weibo.com/u/3541932414,2025:08:01,,,,,,
淅洵(溯野洵),,000111,淅洵,18811972,https://www.pixiv.net/users/18811972,淅洵,sPpQT4wRD3xa1KK,https://x.com/sPpQT4wRD3xa1KK,2025:08:01,溯野洵,5404157818,https://weibo.com/u/5404157818,3000:01:01,溯野洵,2119206709,https://space.bilibili.com/2119206709,2025:08:25,,
晓笑鸮,,000112,,,,,,,,,,,,晓笑鸮,238666020,https://space.bilibili.com/238666020,2025:08:25,,
朽ち袖,,000113,朽ち袖,109035571,https://www.pixiv.net/users/109035571,,,,,,,,,,,,,,
嘘鲲蛞蛞子,,000114,,,,,,,,嘘鲲蛞蛞子,3862526960,https://weibo.com/u/3862526960,2025:08:01,,,,,,
雪,,000115,雪,25228,https://www.pixiv.net/users/25228,,,,,,,,,,,,,,
寻然,,000116,,,,寻然,chuxun127,https://x.com/chuxun127,2025:08:01,寻呼机联系,5750081405,https://weibo.com/u/5750081405,2025:08:01,,,,,,
鸦居,,000117,鸦居,22298878,https://www.pixiv.net/users/22298878,,,,,,,,,,,,,,
夜の羊雲,,000118,,,,夜の羊雲,yorunogumo,https://x.com/yorunogumo,2025:08:01,,,,,,,,,Manga,
一朵烧麦,,000119,一朵烧麦,7704351,https://www.pixiv.net/users/7704351,一朵烧麦,Siumai112,https://x.com/Siumai112,2025:08:01,一朵烧麦,2826582937,https://weibo.com/u/2826582937,2025:08:01,一朵烧麦,931818,https://space.bilibili.com/931818,3000:01:01,,
一个点txt,,000120,,,,,,,,,,,,一个点txt,454663758,https://space.bilibili.com/454663758,2025:08:18,,
一akeng,,000121,一akeng,34054962,https://www.pixiv.net/users/34054962,,,,,,,,,,,,,,
伊代,,000122,伊代@秋例す42b,6965885,https://www.pixiv.net/users/6965885,,,,,,,,,,,,,,
乙醚一杯Aether,,000123,乙醚一杯Aether,23670210,https://www.pixiv.net/users/23670210,YIMIAether,AcupofAether,https://x.com/AcupofAether,2025:08:01,乙醚一杯YIMIAether,5981727666,https://weibo.com/u/5981727666,2025:08:01,,,,,,
油锅なべる,,000124,,,,油锅なべる C105日曜東R17b,UGjk0925,https://x.com/UGjk0925,2025:08:01,油锅炒菜倍倍香,6330371426,https://weibo.com/u/6330371426,2025:08:01,,,,,,
鱼泼粉,,000125,鱼泼粉,18538124,https://www.pixiv.net/users/18538124,,,,,,,,,,,,,,
晕欧欧,,000126,晕欧欧,5669330,https://www.pixiv.net/users/5669330,晕欧欧,Yunouou10,https://x.com/Yunouou10,2025:08:01,晕欧欧,2720243414,https://weibo.com/u/2720243414,2025:08:01,,,,,,
雲雀ひな,,000127,雲雀ひな,2783388,https://www.pixiv.net/users/2783388,,,,,,,,,,,,,,
真明,,000128,,,,真明,shisantian,https://x.com/shisantian,3000:01:01,撇脚妇人十三天,3082090661,https://weibo.com/u/3082090661,2025:08:01,,,,,,
宙良もよ,,000129,宙,54339752,https://www.pixiv.net/users/54339752,,,,,,,,,,,,,,
竹丿枫,,000130,竹丿枫,46746762,https://www.pixiv.net/users/46746762,,,,,,,,,竹丿枫,132980331,https://space.bilibili.com/132980331,2025:08:11,,
桌子君,,000131,桌子君,5766170,https://www.pixiv.net/users/5766170,,,,,,,,,,,,,,
梓潼neko喵,,000132,梓潼neko喵,34314004,https://www.pixiv.net/users/34314004,,,,,梓潼neko喵,7021464769,https://weibo.com/u/7021464769,2025:08:01,,,,,,
最上-川,,000133,最上-川,46990939,https://www.pixiv.net/users/46990939,最上川,m_ogamikawa,https://x.com/m_ogamikawa,2025:08:01,,,,,最上-川,11405916,https://space.bilibili.com/11405916,2025:08:25,,
a方方芳芳,,000134,a方方芳芳,24621800,https://www.pixiv.net/users/24621800,,,,,,,,,a方方芳芳,8741520,https://space.bilibili.com/8741520,2025:08:25,,
AGOTO,,000135,_AGOTO,59284890,https://www.pixiv.net/users/59284890,AGOTO / fevercell,_AGOTO,https://x.com/_AGOTO,2025:08:01,,,,,,,,,,
aka(SINKCADAVER,,000136,aka,27086586,https://www.pixiv.net/users/27086586,aka,aka_bake,https://x.com/aka_bake,2025:08:01,SINKCADAVER,6617473387,https://weibo.com/u/6617473387,2025:08:01,,,,,,
AkiZero1510,,000137,AkiZero1510,12227191,https://www.pixiv.net/users/12227191,AkiZero,zero15101991,https://x.com/zero15101991,2025:08:01,,,,,,,,,,
Ameru_nya,,000138,,,,,,,,,,,,Ameru_nya,22831026,https://space.bilibili.com/22831026,2025:07:01,,
Ameもち,,000139,Ameもちᵕ̈*🍭,59688623,https://www.pixiv.net/users/59688623,Ameもち,Ame_929,https://x.com/Ame_929,2025:08:01,,,,,,,,,,
amukeer,,000140,amukeer,24142381,https://www.pixiv.net/users/24142381,,,,,,,,,,,,,,
Anmi,,000141,Anmi@画集発売中,212801,https://www.pixiv.net/users/212801,Anmi;イムナ-567-,Anmi_;imuna567,https://x.com/Anmi_;https://x.com/imuna567,2025:08:01,,,,,,,,,,
anon,,000142,anon,35692440,https://www.pixiv.net/users/35692440,,,,,,,,,,,,,,
ATILOL,,000143,ATILOL,89395636,https://www.pixiv.net/users/89395636,,,,,,,,,,,,,,
AZUR LANE*-*碧蓝航线),,000144,,,,,,,,,,,,,,,,,
Azurymi,,000145,はなとれい,27135194,https://www.pixiv.net/users/27135194,,,,,,,,,,,,,,
blvefo9,,000146,blvefo9,2484671,https://www.pixiv.net/users/2484671,,,,,,,,,,,,,Manga,
c7肘,,000147,c7肘,217707,https://www.pixiv.net/users/217707,,,,,,,,,,,,,,
catzz,,000148,catzz,1056186,https://www.pixiv.net/users/1056186,catzz,2gonode,https://x.com/2gonode,2025:08:01,,,,,,,,,,
CharlesC,,000149,,,,CharlesC / fevercell,106858_,https://x.com/106858_,2025:08:01,,,,,,,,,,
Cloaking19,,000150,ばんそうこう,1577252,https://www.pixiv.net/users/1577252,,,,,,,,,,,,,,
cm羊,,000151,cm羊,46174217,https://www.pixiv.net/users/46174217,,,,,,,,,Cm羊,16851444,https://space.bilibili.com/16851444,2025:08:04,,
Coria,,000152,Coria,27848445,https://www.pixiv.net/users/27848445,Coria_Tutu,Coria_tu,https://x.com/Coria_tu,3000:01:01,,,,,不愿透露姓名的Coria,7323950,https://space.bilibili.com/7323950,2025:08:25,,
cumin cike,,000153,cumin cike,21865106,https://www.pixiv.net/users/21865106,,,,,,,,,,,,,,
DDal,,000154,DDal,267137,https://www.pixiv.net/users/267137,DDal,ddal_kr,https://x.com/ddal_kr,2025:08:01,,,,,,,,,,
DIno,,000155,DIno,66807813,https://www.pixiv.net/users/66807813,Dino,Dino_illus,https://x.com/Dino_illus,2025:08:01,,,,,,,,,,
donnyjie,,000156,donnyjie,5408463,https://www.pixiv.net/users/5408463,,,,,,,,,,,,,,
DSマイル,,000157,DSマイル🌻画集発売中,795196,https://www.pixiv.net/users/795196,DSマイル,DSmile9,https://x.com/DSmile9,2025:08:01,,,,,,,,,,
Dudrinm,,000158,Dudrinm,94061649,https://www.pixiv.net/users/94061649,Dudrinm,dudrinm1011,https://x.com/dudrinm1011,2025:08:01,,,,,,,,,,
Duoer,,000159,,,,Duoer,dlgeria,https://x.com/dlgeria,2025:08:01,-Duoer-,5658758222,https://weibo.com/u/5658758222,2025:08:01,--Duoer--,27862383,https://space.bilibili.com/27862383,2025:08:18,,
Enze_恩沢,,000160,Enze_恩沢,13750517,https://www.pixiv.net/users/13750517,,,,,,,,,,,,,,
eq0(Eq-014-,,000161,eq0,60204870,https://www.pixiv.net/users/60204870,,,,,,,,,Eq-014-,19810237,https://space.bilibili.com/19810237,2025:05:31,,
ezu,,000162,ezu,10549811,https://www.pixiv.net/users/10549811,,,,,,,,,,,,,,
FL-飞灵,,000163,,,,,,,,,,,,FL-飞灵,13496869,https://space.bilibili.com/13496869,2025:08:25,,
freng,,000164,freng,3975343,https://www.pixiv.net/users/3975343,𝘧𝘳𝘦𝘯𝘨,frengchiano2,https://x.com/frengchiano2,2025:08:01,,,,,,,,,,
Furioso,,000165,Furioso,7537986,https://www.pixiv.net/users/7537986,Furioso7,Furioso2201,https://x.com/Furioso2201,2025:08:01,,,,,,,,,,
FymriE,,000166,FymriE,73117898,https://www.pixiv.net/users/73117898,FymriE,FymriE,https://x.com/FymriE,3000:01:01,,,,,,,,,,
G-720 起源,,000167,G-720 起源,23120641,https://www.pixiv.net/users/23120641,,,,,,,,,G-720 起源,587251659,https://space.bilibili.com/587251659,2025:07:07,,
GAloDos,,000168,GAloDos,11461045,https://www.pixiv.net/users/11461045,,,,,,,,,,,,,,
glutton,,000169,glutton,74156805,https://www.pixiv.net/users/74156805,,,,,__Glutton__,6597533086,https://weibo.com/u/6597533086,3000:01:01,,,,,,
Hajin,,000170,Hajin,6584502,https://www.pixiv.net/users/6584502,,,,,,,,,,,,,,
haliya*,,000171,haliya*,79378883,https://www.pixiv.net/users/79378883,,,,,,,,,,,,,,
Han-0v0,,000172,,,,,,,,,,,,,,,,,
hayu,,000173,𝕙𝕒𝕪𝕦（ﾊﾕ）,65158398,https://www.pixiv.net/users/65158398,,,,,,,,,,,,,,
Hidzzz(ひづるめ),,000174,ひづるめ(Hidzzz),69101980,https://www.pixiv.net/users/69101980,ひづるめ / Hidzzz,hidulme,https://x.com/hidulme,3000:01:01,,,,,,,,,,
HJL,,000175,HJL,714577,https://www.pixiv.net/users/714577,,,,,,,,,,,,,,
Hle,,000176,Hle,5948143,https://www.pixiv.net/users/5948143,,,,,-Hle-,2862825684,https://weibo.com/u/2862825684,2025:08:01,,,,,,
Honi,,000177,,,,Honi / 7코,Honi1010,https://x.com/Honi1010,2025:08:01,,,,,,,,,,
HQu,,000178,,,,HQu,8quuu_,https://x.com/8quuu_,2025:08:01,,,,,,,,,,
hufy,,000179,Hufy,28071361,https://www.pixiv.net/users/28071361,,,,,,,,,,,,,,
JILL。,,000180,JILL。,54259522,https://www.pixiv.net/users/54259522,,,,,,,,,,,,,,
Joezunzun,,000181,Joezunzun,5817873,https://www.pixiv.net/users/5817873,,,,,乔瑟夫乔尊尊,3829652180,https://weibo.com/u/3829652180,2025:08:01,,,,,,
Kago,,000182,Kago,97702332,https://www.pixiv.net/users/97702332,Kago,wall_io,https://x.com/wall_io,2025:08:01,,,,,kago蒙古中单,1805183606,https://space.bilibili.com/1805183606,2025:08:04,,
KANA,,000183,KANA,3270429,https://www.pixiv.net/users/3270429,,,,,-KANA酱-,1732729640,https://weibo.com/u/1732729640,2025:08:01,,,,,,
Katann,,000184,Katann,10262845,https://www.pixiv.net/users/10262845,,,,,,,,,,,,,,
ke-ta,,000185,ke-ta,3104565,https://www.pixiv.net/users/3104565,ke-ta＠次回は夏コミ,ke_ta_gekidoku,https://x.com/ke_ta_gekidoku,2025:08:01,,,,,,,,,,
KENTllaall,,000186,KENTllaall,9927548,https://www.pixiv.net/users/9927548,,,,,,,,,,,,,,
Kieed,,000187,kieed,11525066,https://www.pixiv.net/users/11525066,kieed,kieed23232,https://x.com/kieed23232,2025:08:01,-Kieed-,2989014817,,2025:08:01,Kieed,25589919,https://space.bilibili.com/25589919,2025:07:07,,
KIncora,,000188,KIn,3054186,https://www.pixiv.net/users/3054186,KIncora,KIncoraK,https://x.com/KIncoraK,2025:08:01,KIncora,2061731981,https://weibo.com/u/2061731981,2025:08:01,,,,,,
kirarinko,,000189,,,,kirarinko,kirrrara,https://x.com/kirrrara,2025:08:01,,,,,,,,,,
Koahri,,000190,Koahri,7422779,https://www.pixiv.net/users/7422779,,,,,,,,,,,,,,
Kuuus,,000191,,,,Kuuus,Tunmengtun,https://x.com/Tunmengtun,2025:08:01,Kuuus,2134581835,https://weibo.com/u/2134581835,2025:08:01,,,,,,
Lance,,000192,Lance,14538670,https://www.pixiv.net/users/14538670,,,,,,,,,,,,,,
Laylakkkk杏,,000193,,,,,,,,,,,,Laylakkkk杏,301621,https://space.bilibili.com/301621,2025:07:07,,
Leviathan,,000194,Leviathan,27350443,https://www.pixiv.net/users/27350443,Leviathan,hikinito0902;Leviathan_0902,https://x.com/hikinito0902;https://x.com/Leviathan_0902,2025:08:01,,,,,,,,,,
Li Flag,,000195,Li Flag,14165905,https://www.pixiv.net/users/14165905,,,,,加油立旗,1849893165,https://weibo.com/u/1849893165,2025:08:01,,,,,,
Liclac・リクラク,,000196,Liclac・リクラク,3483328,https://www.pixiv.net/users/3483328,,,,,,,,,,,,,,
linhai,,000197,,,,linhai,linhaiQVQ,https://x.com/linhaiQVQ,2025:08:01,,,,,,,,,,
litsvn,,000198,litsvn,5151250,https://www.pixiv.net/users/5151250,,,,,,,,,,,,,,
loong,,000199,loong,22166830,https://www.pixiv.net/users/22166830,,,,,,,,,,,,,,
lunami_未月,,000200,,,,,,,,,,,,lunami_未月,695378,https://space.bilibili.com/695378,2025:08:25,,
m,,000201,m,80668187,https://www.pixiv.net/users/80668187,,,,,,,,,,,,,,
Matcha_,,000202,Matcha_,2583663,https://www.pixiv.net/users/2583663,Matcha,matchach,https://x.com/matchach,2025:08:01,只有rkgk可以吗,7423883433,https://weibo.com/u/7423883433,2025:08:01,,,,,,
MEOYO,,000203,MEOYO,61690960,https://www.pixiv.net/users/61690960,,,,,,,,,,,,,,
MICAS_1118,,000204,MICAS_1118,16726025,https://www.pixiv.net/users/16726025,,,,,,,,,MICAS_1118,3546735915829497,https://space.bilibili.com/3546735915829497,2025:08:25,,
mocha,,000205,mocha@新刊委託中,648285,https://www.pixiv.net/users/648285,,,,,,,,,,,,,,
mogu²,,000206,,,,mogu²;not mogu,mogu_sq;mogu_alt,https://x.com/mogu_sq;https://x.com/mogu_alt,2025:08:01,,,,,,,,,,
mor,,000207,,,,mor,mormormorp,https://x.com/mormormorp,2025:08:01,,,,,,,,,,
myuI,,000208,myuI,81827826,https://www.pixiv.net/users/81827826,myuI,myui17901139,https://x.com/myui17901139,2025:08:01,,,,,,,,,,
NAY,,000209,NAY,11152484,https://www.pixiv.net/users/11152484,,,,,,,,,,,,,,
Nine,,000210,Nine,3875056,https://www.pixiv.net/users/3875056,,,,,,,,,,,,,,
NLHXH,,000211,NLHXH,16942232,https://www.pixiv.net/users/16942232,,,,,,,,,,,,,,
Nochek(KI),,000212,Nochek,21120566,https://www.pixiv.net/users/21120566,KI,Nochek_,https://x.com/Nochek_,2025:08:01,,,,,,,,,,
Ns404,,000213,,,,ns404,chenlin14594662,https://x.com/chenlin14594662,2025:08:01,Ns404,3787130682,https://weibo.com/u/3787130682,2025:08:01,,,,,,
NyuN,,000214,NyuN,12596277,https://www.pixiv.net/users/12596277,,,,,,,,,,,,,,
o乌苏o,,000215,,,,,,,,o乌苏o,5319629883,https://weibo.com/u/5319629883,2025:08:01,,,,,,
Oba,,000216,Oba,20363223,https://www.pixiv.net/users/20363223,,,,,,,,,,,,,,
observerZ,,000217,observerZ,19932,https://www.pixiv.net/users/19932,,,,,,,,,,,,,,
Okku,,000218,Okku,10163454,https://www.pixiv.net/users/10163454,,,,,,,,,,,,,,
OLYS(오리신),,000219,오리신/OLYS,5163269,https://www.pixiv.net/users/5163269,오리신/olys011,olys011,https://x.com/olys011,2025:08:01,,,,,,,,,,
轟将,,000220,omochinoie,30551748,https://www.pixiv.net/users/30551748,轟将;おもち薬局,masarustrongest;omochinoie,https://x.com/masarustrongest;https://x.com/omochinoie,2025:08:01,餅餅薬局,6627446319,https://weibo.com/u/6627446319,2025:08:01,,,,,,
oωon(からまる),,000221,からまる,64331767,https://www.pixiv.net/users/64331767,,,,,,,,,,,,,,
Painter六号,,000222,Painter六号,82887646,https://www.pixiv.net/users/82887646,,,,,,,,,,,,,,
paofan,,000223,paofan,65454092,https://www.pixiv.net/users/65454092,,,,,,,,,,,,,,
Paryi,,000224,Paryi,30816400,https://www.pixiv.net/users/30816400,,,,,,,,,,,,,,
potg(ぴおてぐ),,000225,potg（ぴおてぐ）,62834074,https://www.pixiv.net/users/62834074,potg★画集出ました,potg333,https://x.com/potg333,2025:08:01,,,,,,,,,,
Pro-p,,000226,Pro-p,12756857,https://www.pixiv.net/users/12756857,Pro-p,pro_p24,https://x.com/pro_p24,2025:08:01,,,,,,,,,,
Pu_HT,,000227,Pu_HT,16753826,https://www.pixiv.net/users/16753826,,,,,,,,,,,,,,
RA(LL),,000228,RA;LL,21848;2001822,https://www.pixiv.net/users/21848;https://www.pixiv.net/users/2001822,,,,,,,,,,,,,,
RAEl,,000229,RAEl,80967255,https://www.pixiv.net/users/80967255,,,,,,,,,,,,,,
Rafa,,000230,Rafa,3970196,https://www.pixiv.net/users/3970196,Rafa,Rafa_elaelaela,https://x.com/Rafa_elaelaela,3000:01:01,Rafa-ela,5979358781,https://weibo.com/u/5979358781,3000:01:01,Rafa-ela,372398487,https://space.bilibili.com/372398487,2025:08:18,,
ran9u,らんぐ,000231,ran9u,33844486,https://www.pixiv.net/users/33844486,ran9u@2日目南a10ab,ran9u,https://x.com/ran9u,2025:08:01,,,,,,,,,,
REDUM,,000232,REDUM,15825259,https://www.pixiv.net/users/15825259,REDUM,REDUM4,https://x.com/REDUM4,2025:08:01,-REDUM-,2004707471,https://weibo.com/u/2004707471,2025:08:01,,,,,,
Rella,,000233,Rella,163536,https://www.pixiv.net/users/163536,,,,,,,,,,,,,,
rika_39,,000234,rika_39,6500693,https://www.pixiv.net/users/6500693,,,,,,,,,,,,,,
RIKO,,000235,RIKO,40317874,https://www.pixiv.net/users/40317874,Riko,rik0ring,https://x.com/rik0ring,2025:08:01,,,,,,,,,,
Riok_hh,,000236,Riok_hh,25481875,https://www.pixiv.net/users/25481875,,,,,,,,,,,,,,
roena,,000237,,,,roena,hutaverse_,https://x.com/hutaverse_,2025:08:01,,,,,,,,,,
rokusai,,000238,rokusai,1384146,https://www.pixiv.net/users/1384146,,,,,,,,,,,,,,
Rosem琳,,000239,Rosem琳,52157540,https://www.pixiv.net/users/52157540,Rosem琳,Rosem08323281,https://x.com/Rosem08323281,3000:01:01,,,,,Rosem琳,190024262,https://space.bilibili.com/190024262,2025:08:25,,
Rrrrrrice,,000240,Rrrrrrice,99135458,https://www.pixiv.net/users/99135458,🍚Rrrrrrice🍚,Rrrrrrice0303,https://x.com/Rrrrrrice0303,2025:08:01,,,,,,,,,,
rurudo,,000241,rurudo,25760573,https://www.pixiv.net/users/25760573,rurudo,rurudo_,https://x.com/rurudo_,2025:08:01,,,,,,,,,,
ryou伶言,,000242,ryou伶言,15232676,https://www.pixiv.net/users/15232676,,,,,,,,,ryou伶言,8612295,https://space.bilibili.com/8612295,2025:07:21,,
Sakana16号,,000243,Sakana16号,42456262,https://www.pixiv.net/users/42456262,,,,,,,,,,,,,,
SCeedd,,000244,,,,,,,,,,,,SCeedd,600291365,https://space.bilibili.com/600291365,2025:08:25,,
Sentter,,000245,Sentter,42385610,https://www.pixiv.net/users/42385610,,,,,,,,,,,,,,
SH,,000246,SH,2865617,https://www.pixiv.net/users/2865617,,,,,,,,,,,,,,
Shio,,000247,Shio,7203802,https://www.pixiv.net/users/7203802,,,,,,,,,,,,,,
siki,,000248,siki,6558698,https://www.pixiv.net/users/6558698,siki,chyoellll,https://x.com/chyoellll,2025:08:01,,,,,,,,,,
SiyuMU,,000249,SiyuMU,23177299,https://www.pixiv.net/users/23177299,,,,,,,,,,,,,,
soroni,,000250,soroni,30649572,https://www.pixiv.net/users/30649572,,,,,,,,,,,,,,
SoyooNG(ソユン),,000251,ソユン SoyooNG,10142455,https://www.pixiv.net/users/10142455,,,,,,,,,,,,,,
SyHan__,,000252,SyHan__,12505972,https://www.pixiv.net/users/12505972,,,,,,,,,,,,,,
Szi_f,,000253,,,,,,,,,,,,Szi_f,431436293,https://space.bilibili.com/431436293,2025:08:25,,
Tiko,,000254,Tiko,13963774,https://www.pixiv.net/users/13963774,,,,,,,,,,,,,,
Tiv,,000255,Tiv,35081,https://www.pixiv.net/users/35081,,,,,,,,,,,,,,
TrNyteal -,,000256,TrNyteal -,85372089,https://www.pixiv.net/users/85372089,TrNyteal,CiloRanko,https://x.com/CiloRanko,2025:08:01,海浪松饼,2240165102,https://weibo.com/u/2240165102,2025:08:01,,,,,,
Tsuioku,,000257,Tsuioku,12713290,https://www.pixiv.net/users/12713290,,,,,Tsuioku,5262004492,https://weibo.com/u/5262004492,2025:08:01,,,,,,
void_0,,000258,void_0,14801956,https://www.pixiv.net/users/14801956,,,,,void新神殿下,5150201184,https://weibo.com/u/5150201184,2025:08:01,,,,,,
Wiersa,,000259,Wiersa,19628228,https://www.pixiv.net/users/19628228,,,,,,,,,,,,,,
yichisaku(ichisaku,,000260,,,,ichisaku,yichisaku,https://x.com/yichisaku,2025:08:01,,,,,yichisaku,612440,https://space.bilibili.com/612440,2025:08:11,,
Zombie_KE,,000261,Zombie_KE,36050926,https://www.pixiv.net/users/36050926,Zombie_KE,Zombie_KE02,https://x.com/Zombie_KE02,2025:08:01,,,,,Zombie_KE,52215954,https://space.bilibili.com/52215954,2025:08:25,,
zutto,,000262,zutto,87595559,https://www.pixiv.net/users/87595559,,,,,,,,,,,,,,
Zygocactus,,000263,Zygocactus,42861494,https://www.pixiv.net/users/42861494,zygo,zygo_cactus,https://x.com/zygo_cactus,2025:08:01,,,,,zygocactus,12456174,https://space.bilibili.com/12456174,2025:05:31,,
메홍*MH,,000264,,,,메홍*MH,fm_r3dslov3,https://x.com/fm_r3dslov3,2025:08:01,,,,,,,,,,
ああもんど,,000265,ああもんど,31430204,https://www.pixiv.net/users/31430204,,,,,,,,,,,,,,
アイダ,,000266,アイダ,19497338,https://www.pixiv.net/users/19497338,アイダ,Aida0612,https://x.com/Aida0612,2025:08:01,,,,,,,,,,
あきぺこ,,000267,あきぺこ,65882780,https://www.pixiv.net/users/65882780,,,,,,,,,,,,,,
アシマ[Ashima,,000268,アシマ / Ashima,2642047,https://www.pixiv.net/users/2642047,アシマ@2日目南a-29ab,roro046,https://x.com/roro046,2025:08:01,,,,,,,,,,
あずーる,,000269,あずーる,5838770,https://www.pixiv.net/users/5838770,あずーる,azure_0608_sub,https://x.com/azure_0608_sub,2025:08:01,,,,,,,,,,
アマガイタロー(おるだん),,000270,アマガイタロー,9427,https://www.pixiv.net/users/9427,おるだん,ordan,https://x.com/ordan,2025:08:01,,,,,,,,,,
アリスシンドローム,,000271,アリスシンドローム,109743605,https://www.pixiv.net/users/109743605,アリスシンドローム,arisusyndrome25,https://x.com/arisusyndrome25,2025:08:01,,,,,爱丽丝症候群_official,3546944997689513,https://space.bilibili.com/3546944997689513,3000:01:01,,
イ゜カ゜マグロ,,000272,イ゜カ゜マグロ,105878195,https://www.pixiv.net/users/105878195,イ゜カ゜マグロ,DNamaguro50492,https://x.com/DNamaguro50492,2025:08:01,,,,,,,,,,
イコモチ,,000273,イコモチ,801146,https://www.pixiv.net/users/801146,,,,,,,,,,,,,,
うずめ,,000274,うずめ,86173596,https://www.pixiv.net/users/86173596,うずめ,_uzunome,https://x.com/_uzunome,2025:08:01,,,,,,,,,,
うみぼうず,,000275,うみぼうず,28939313,https://www.pixiv.net/users/28939313,,,,,,,,,,,,,,
おむたつ,,000276,おむたつ/omutatsu,1499614,https://www.pixiv.net/users/1499614,おむたつ,omrice4869,https://x.com/omrice4869,2025:08:01,,,,,,,,,,
がらすの,,000277,がらすの,64952535,https://www.pixiv.net/users/64952535,,,,,,,,,,,,,,
かららげつね,つね,000278,かららげつね@FANBOX,11365815,https://www.pixiv.net/users/11365815,,,,,,,,,,,,,,
きのにく,,000279,きのにく,92261662,https://www.pixiv.net/users/92261662,,,,,,,,,,,,,,
きょくちょ,,000280,きょくちょ＠新刊『楓と鈴』発売,22782,https://www.pixiv.net/users/22782,,,,,,,,,,,,,Manga,
コーラ,,000281,コーラ,810305,https://www.pixiv.net/users/810305,,,,,,,,,,,,,,
こおもい,,000282,こおもい,851032,https://www.pixiv.net/users/851032,,,,,,,,,,,,,,
こゆびた べる,,000283,こゆびた べる,15130865,https://www.pixiv.net/users/15130865,,,,,,,,,,,,,,
さわららど,,000284,さわららど,71613627,https://www.pixiv.net/users/71613627,,,,,,,,,,,,,,
しおん,,000285,しおん,14707888,https://www.pixiv.net/users/14707888,しおん,shionnn_k,https://x.com/shionnn_k,2025:08:01,,,,,,,,,,
しもにきたけし,,000286,しもにきたけし,21024600,https://www.pixiv.net/users/21024600,,,,,,,,,,,,,,
しらほ,,000287,しらほ,15951898,https://www.pixiv.net/users/15951898,,,,,,,,,,,,,,
そらに,,000288,そらに,7216525,https://www.pixiv.net/users/7216525,そらに｜Sorani,srn_111,https://x.com/srn_111,2025:08:01,,,,,,,,,,
ぢせ,,000289,ぢせ,4790,https://www.pixiv.net/users/4790,ぢせ,psychoron,https://x.com/psychoron,2025:08:01,,,,,,,,,,
デユイ,,000290,Deyui | デユイ,14881241,https://www.pixiv.net/users/14881241,Deyui,xdeyuix,https://x.com/xdeyuix,2025:08:01,,,,,デユイ,403116713,https://space.bilibili.com/403116713,3000:01:01,,
トト氏(お絵描きするかもしないかも),,000291,トト氏,3548935,https://www.pixiv.net/users/3548935,お絵描きするかもしないかも,kakikakiken,https://x.com/kakikakiken,2025:08:01,,,,,,,,,,
どろっぷくん,,000292,どろっぷくん,4210443,https://www.pixiv.net/users/4210443,どろっぷくん,dropkun_,https://x.com/dropkun_,2025:08:01,,,,,,,,,,
ドロンタビ,,000293,ドロンタビ,55392960,https://www.pixiv.net/users/55392960,,,,,,,,,,,,,,
にんげんまめ,,000294,にんげんまめ￤1日目東A-19,38297201,https://www.pixiv.net/users/38297201,,,,,,,,,,,,,,
ハブリー(허부리),,000295,ハブリー,40163021,https://www.pixiv.net/users/40163021,허부리,heoburi35,https://x.com/heoburi35,2025:08:01,,,,,,,,,,
ぱらがす,,000296,ぱらがす,5209859,https://www.pixiv.net/users/5209859,,,,,,,,,,,,,,
ひみつ,,000297,ひみつ,13379747,https://www.pixiv.net/users/13379747,,,,,,,,,,,,,Manga,
ひろ,,000298,ひろ,163248,https://www.pixiv.net/users/163248,,,,,,,,,,,,,,
ふわり,,000299,ふわり,9212166,https://www.pixiv.net/users/9212166,,,,,,,,,,,,,,
ぶんち,,000300,ぶんち,51109313,https://www.pixiv.net/users/51109313,ぶんち,Bunch_1123,https://x.com/Bunch_1123,2025:08:01,,,,,,,,,,
ﾍﾅﾁｮｺ,,000301,ﾍﾅﾁｮｺ,81719148,https://www.pixiv.net/users/81719148,,,,,,,,,,,,,,
ぽ,,000302,ぽ,70169966,https://www.pixiv.net/users/70169966,,,,,,,,,,,,,,
ほしうみ,,000303,ほしうみ,121768,https://www.pixiv.net/users/121768,,,,,,,,,,,,,,
ほたてんし,,000304,ほたてんし,77904107,https://www.pixiv.net/users/77904107,ほたてんし,hotatenshi333,https://x.com/hotatenshi333,2025:08:01,,,,,,,,,,
まぶた,,000305,,,,まぶた,mabutaroimo,https://x.com/mabutaroimo,2025:08:01,,,,,,,,,,
まんまるみかん,,000306,満丸みかん🍊FANBOX,9190106,https://www.pixiv.net/users/9190106,,,,,,,,,,,,,,
ミルク茶会,,000307,ミルク茶会,32220934,https://www.pixiv.net/users/32220934,,,,,,,,,,,,,,
モ誰,,000308,モ誰,1878082,https://www.pixiv.net/users/1878082,モ誰,jeonghee1414,https://x.com/jeonghee1414,2025:08:01,,,,,,,,,,
やつは,,000309,やつは,15847203,https://www.pixiv.net/users/15847203,やつは,lcr828,https://x.com/lcr828,2025:08:01,,,,,,,,,,
ヤンヤン;ゆのもと,,000310,,,,ヤンヤン;ゆのもと,shinken_gomi;Yunomoto5,https://x.com/shinken_gomi;https://x.com/Yunomoto5,2025:08:01,,,,,,,,,,
ようづき,,000311,ようづき,9435499,https://www.pixiv.net/users/9435499,,,,,,,,,,,,,,
よるうよ,,000312,よるうよ,71335427,https://www.pixiv.net/users/71335427,よるうよ,yoru_uyo,https://x.com/yoru_uyo,2025:08:01,,,,,,,,,,
らん,,000313,らん,25637125,https://www.pixiv.net/users/25637125,らん,h_ran85,https://x.com/h_ran85,2025:08:01,,,,,,,,,,
りどり,,000314,りどり,36797749,https://www.pixiv.net/users/36797749,りどり,RETRI999,https://x.com/RETRI999,2025:08:01,,,,,,,,,,
リムコロ,,000315,リムコロ,910381,https://www.pixiv.net/users/910381,リムコロ『君のラブを見せてくれ！』4巻発売！;うにクリームコロッケ@1日目南a-39ab,rimukoro;uni9rimu,https://x.com/rimukoro;https://x.com/uni9rimu,2025:08:01,,,,,,,,,Manga,
れおえん,,000316,れおえん,3927625,https://www.pixiv.net/users/3927625,れおえん,reoenl,https://x.com/reoenl,2025:08:01,,,,,,,,,,
ろ樹,,000317,ろ樹,5947909,https://www.pixiv.net/users/5947909,ろ樹,r_oxoki,https://x.com/r_oxoki,2025:08:01,,,,,,,,,,
わんこソラ,,000318,わんこソラ,67070101,https://www.pixiv.net/users/67070101,,,,,,,,,,,,,,
神秘的大米,,000319,神秘的大米,54039723,https://www.pixiv.net/users/54039723,神秘的西瓜,zhngsn838256535,https://x.com/zhngsn838256535,3000:01:01,,,,,不吃大米吃洋芋,55443882,https://space.bilibili.com/55443882,3000:01:01,,
Min,,000320,Min,*4701688,*https://www.pixiv.net/users/4701688,min,minnnnnnnim,https://x.com/minnnnnnnim,2025:08:01,,,,,泉水煮茶茶茶茶茶菌,501505852,https://space.bilibili.com/501505852,2025:07:28,,
歹旬,,000321,,,,歹旬,Daixunxun,https://x.com/Daixunxun/media,2025:08:01,歹旬,5512690828,https://weibo.com/u/5512690828?tabtype=album,2025:08:01,太难了我不会画,3546569162886075,https://space.bilibili.com/3546569162886075,3000:01:01,,
云间蓝,,000322,云间蓝,1178520,https://www.pixiv.net/users/1178520,云间蓝,liaoruoxingche1,https://x.com/liaoruoxingche1/media,2025:08:01,-云间蓝-,2844058700,https://weibo.com/u/2844058700?tabtype=album,2025:08:01,-云间蓝-,14483,https://space.bilibili.com/14483,2025:08:04,,
Miv4t,,000323,Miv4t,11246082,https://www.pixiv.net/users/11246082,Miv4t,Miv4t_,https://x.com/Miv4t_/media,3000:01:01,Miv4t,5457245914,https://weibo.com/u/5457245914?tabtype=album,3000:01:01,,,,,,
TamoTaro,,000324,,,,*TamoTaro,Tarokunnnn;_tamomoko,https://x.com/Tarokunnnn;https://x.com/_tamomoko,2025:08:01,,,,,,,,,,
An_Yb,,000325,An_Yb,48449624,https://www.pixiv.net/users/48449624,An_Yb,AnYb568,https://x.com/AnYb568,3000:01:01,An_Yb,7722501033,https://weibo.com/u/7722501033,3000:01:01,An_Yb,14970319,https://space.bilibili.com/14970319,3000:01:01,,
Datsha,,000326,Datsha,45015081,https://www.pixiv.net/users/45015081,Datsha,S2_Datsha,https://x.com/S2_Datsha,3000:01:01,,,,,,,,,,
キャリン,,000327,キャリン,79857409,https://www.pixiv.net/users/79857409,キャリン / 캬린;キャリン_sub,_karyln;_karyln_sub,https://x.com/_karyln;https://x.com/_karyln_sub,2025:08:01,,,,,,,,,,
平泽唯,,000328,,,,平泽唯,ze_ping45283,https://x.com/ze_ping45283,2025:08:01,,,,,,,,,画师,
アイヤ-ファラ,,000329,,,,,,,,,,,,(mc)アイヤ-ファラ,166656842,https://space.bilibili.com/166656842,2025:08:25,素材搜集(mc),
YUYIOSANG,,000330,YUYIOSANG,8554205,https://www.pixiv.net/users/8554205,yuyi osang,YuyiOsang,https://x.com/YuyiOsang,3000:01:01,yuyiosang杰衣,3517894391,https://weibo.com/u/3517894391,3000:01:01,yuyiosang厂妹杰衣酱,37905599,https://space.bilibili.com/37905599,2025:08:01,画师,
ㅁㄴㅇㄹ,,000331,,,,ㅁㄴㅇㄹ,boo___11,https://x.com/boo___11,2025:08:01,,,,,,,,,,
NUEE,,000332,NUEE,31290532,https://www.pixiv.net/users/31290532,Nuee,nueeeeeeun,https://x.com/nueeeeeeun,2025:08:01,NueeeeeeeuN,7917717572,https://weibo.com/u/7917717572,2025:08:01,,,,,画师,
笼茸-lrono,,000333,笼茸-lrono,72922613,https://www.pixiv.net/users/72922613,,,,,笼茸_lrono,7592276597,https://weibo.com/u/7592276597,3000:01:01,笼茸_lrono,91660641,https://space.bilibili.com/91660641,2025:08:28,画师,
mojo,,000334,mojo,94576902,https://www.pixiv.net/users/94576902,mojo,mojoawa,https://x.com/mojoawa,2025:08:01,,,,,mojoawa,281577872,https://space.bilibili.com/281577872,3000:01:01,画师,
長友かぼちゃ,,000335,長友かぼちゃ,24035420,https://www.pixiv.net/users/24035420,長ぼちゃ,Kabocya_Na,https://x.com/Kabocya_Na,3000:01:01,,,,,,,,,画师,
QAQ白光,,000336,QAQ白光,37252852,https://www.pixiv.net/users/37252852,,,,,,,,,,,,,画师,SM
仇花散华,,000337,仇花散华,37634612,https://www.pixiv.net/users/37634612,,,,,,,,,,,,,画师,SM
XG Epee,,000338,XG Epee,36632291,https://www.pixiv.net/users/36632291,XG_Epee,XG222Epee,https://x.com/XG222Epee,3000:01:01,,,,,,,,,Manga,SM
Akshia,,000339,Akshia,*15242297,*https://www.pixiv.net/users/15242297,Akshia,Akshiaaa,https://x.com/Akshiaaa,3000:01:01,Akshia,5852445608,https://weibo.com/u/5852445608,2025:08:01,,,,,画师,
めぐも,,000340,,,,めぐも,mgmg_cc211,https://x.com/mgmg_cc211,2025:08:01,,,,,,,,,画师,
カノ(Kerno),,000341,カノ,19600013,https://www.pixiv.net/users/19600013,Kerno,Kerno_kr,https://x.com/Kerno_kr,2025:08:01,,,,,,,,,画师,
七赫兹_SevenHz,,000342,,,,7_Hz,7Hz_SevenHertz,https://x.com/7Hz_SevenHertz,3000:01:01,七赫兹_SevenHz,3654761363,https://weibo.com/u/3654761363,3000:01:01,七赫兹_SevenHz,12376109,https://space.bilibili.com/12376109,2025:08:31,画师,
まじろ,,000343,,,,まじろ(Maziro),mazirori,https://x.com/mazirori,2025:08:01,,,,,,,,,画师,
Nixuu,,000344,Nixuu,,,Nixuu,Northern__W,*https://x.com/Northern__W,2025:08:01,,,,,Nixuu,396586498,https://space.bilibili.com/396586498,3000:01:01,画师,
,,,,,,,,,,,,,,,,,,,
