name,name_used,uni_id,pixiv_name,pixiv_id,pixiv_url,twitter_name,twitter_id,twitter_url,weibo_name,weibo_id,weibo_url,bilibili_name,bilibili_id,bilibili_url,bilibili_roll_time,tags,tips
_Miio,,000000,,,,_Miio,arin189,https://x.com/arin189,_Miio,5785273962,https://weibo.com/u/5785273962,,,,,,
â˜ªç¦°æœ”(ãƒŸã‚½ã‚°âœ¬),,000001,â˜ªç¦°æœ”/ãƒŸã‚½ã‚°âœ¬,27060505,https://www.pixiv.net/users/27060505,ãƒŸã‚½ã‚°,misuo69421,https://x.com/misuo69421,,,,,,,,,
ğŸ¼,,000002,,,,ğŸ¼,mrkbncw,https://x.com/mrkbncw,,,,,,,,,
7gao,,000003,7gao,19732840,https://www.pixiv.net/users/19732840,7gaoç³•,7gao_1551,https://x.com/7gao_1551,,,,ä¸ƒåˆ€ç±³ç¾”se,6874594,https://space.bilibili.com/6874594,2025:07:01,,
è‰¾æ´›AIRool,,000004,AIRool,11173060,https://www.pixiv.net/users/11173060,AIRool,C63025522,https://x.com/C63025522,è‰¾æ´›AIRool,6100099142,https://weibo.com/u/6100099142,è‰¾æ´›AIRool,5854700,https://space.bilibili.com/5854700,2025:07:07,,
å·´èå¡_R,,000005,å·´èå¡_R,16741520,https://www.pixiv.net/users/16741520,,,,,,,å·´èå¡_R,9125673,https://space.bilibili.com/9125673,2025:07:07,,
åŠèŠ‚,,000006,åŠèŠ‚,6179964,https://www.pixiv.net/users/6179964,,,,,,,,,,,,
åŒ—æå…½opv,,000007,åŒ—æ¥µç¸OPV,3904862,https://www.pixiv.net/users/3904862,,,,åŒ—æå…½opv,3323859344,https://weibo.com/u/3323859344,åŒ—æå…½opv,42641,https://space.bilibili.com/42641,2025:07:07,,
é¥¼é¥¼å†«,,000008,é¥¼é¥¼å†«,7348592,https://www.pixiv.net/users/7348592,é¥¼é¥¼å†«,bingbingdebing,https://x.com/bingbingdebing,é¥¼é¥¼å†«,3383156732,https://weibo.com/u/3383156732,é¥¼é¥¼å†«,3185813,https://space.bilibili.com/3185813,2025:07:07,,
åœåœ(Caaaaarrot),,000009,åœåœ,2156906,https://www.pixiv.net/users/2156906,ãƒˆãƒˆ,Caaaaarrot_2525,https://x.com/Caaaaarrot_2525,æ’¸åœ,1963117595,https://weibo.com/u/1963117595,Caaaaarrot,150300,https://space.bilibili.com/150300,2025:07:07,,
å½©è‰ã‚ã‚‰ã³,,00000a,å½©è‰ã‚ã‚‰ã³,67101736,https://www.pixiv.net/users/67101736,å½©è‰ã‚ã‚‰ã³,warabimoti_yoz,https://x.com/warabimoti_yoz,,,,,,,,,
èŒ¶ã”ã¾,,00000b,èŒ¶ã”ã¾,3462492,https://www.pixiv.net/users/3462492,èŒ¶ã”ã¾,tya_goma,https://x.com/tya_goma,,,,,,,,,
æ™æ™è¾£è¾£é±¼,,00000c,,,,,,,,,,æ™æ™è¾£è¾£é±¼,8455439,https://space.bilibili.com/8455439,2025:07:07,,
æœç™½ãˆã“,,00000d,æœç™½ãˆã“,12449677,https://www.pixiv.net/users/12449677,,,,,,,,,,,,
å°˜çƒŸ(airtå°˜),,00000e,å°˜çƒŸ,73160537,https://www.pixiv.net/users/73160537,,,,,,,airtå°˜,400984833,https://space.bilibili.com/400984833,2025:07:07,,
æ± å†…ãŸã¬ã¾,,00000f,ãŸã¬ã¾,9675329,https://www.pixiv.net/users/9675329,(æ± å†…)ãŸã¬ã¾,tnm_tyny,https://x.com/tnm_tyny,,,,,,,,Manga,
èµ¤å€‰,,000010,èµ¤å€‰ï¼ ç”»é›†ç™ºå£²ä¸­,882569,https://www.pixiv.net/users/882569,èµ¤å€‰åˆç”»é›†ã€ŒLudiqueã€ç™ºå£²ä¸­,akakura1341,https://x.com/akakura1341,,,,,,,,,
å‡ºæ°´ã½ã™ã‹(ãƒï½ãƒ³),,000011,ãƒï½ãƒ³ï¼ˆå‡ºæ°´ã½ã™ã‹ï¼‰,33333,https://www.pixiv.net/users/33333,å‡ºæ°´ã½ã™ã‹(ãƒï½ãƒ³ï¼‰,DemizuPosuka,https://x.com/DemizuPosuka,,,,,,,,,
æ˜¥æ˜¼äº¬èŠ’,,000012,,,,æ˜¥æ˜¼äº¬èŠ’,nana237209,https://x.com/nana237209,æ˜¥æ˜¼äº¬èŠ’,5847705724,https://weibo.com/u/5847705724,æ˜¥æ˜¼äº¬èŠ’,11354946,https://space.bilibili.com/11354946,2025:05:31,,
å²›çš„é²¸,,000013,å²›çš„é²¸,7386235,https://www.pixiv.net/users/7386235,,,,å²›çš„é²¸,7459593197,https://weibo.com/u/7459593197,å²›çš„é²¸ä¹˜ä»¥é²¸ç™½ä¸€,1687844,https://space.bilibili.com/1687844,2025:05:31,,
è»pote,,000014,è»pote,2131660,https://www.pixiv.net/users/2131660,è»pote@1æ—¥ç›®å—a-42a,ogipote,https://x.com/ogipote,,,,,,,,,
ä¸œæ£®è–°å…”(å¹¸ç¦å®‰å¿ƒå…”å§”ä¼š),,000015,ä¸œæ£®ç†å…”,42858947,https://www.pixiv.net/users/42858947,ä¸œæ£®ç†å…”,b7o7UhjvQ6GWi9o,https://x.com/b7o7UhjvQ6GWi9o,å¹¸ç¦å®‰å¿ƒå…”å§”ä¼š,6184991369,https://weibo.com/u/6184991369,å¤§ç¦è‰è“å…”,6835030,https://space.bilibili.com/6835030,2025:05:31,,
æ±å¤©ç´…,,000016,æ±å¤©ç´…,3757061,https://www.pixiv.net/users/3757061,æ±å¤©ç´…,toutenkou10105,https://x.com/toutenkou10105,,,,,,,,,
æ±è¥¿,,000017,æ±è¥¿,16347608,https://www.pixiv.net/users/16347608,æ±è¥¿,TZpoppin_phl95,https://x.com/TZpoppin_phl95,,,,,,,,,
å‘ç²ªæ¶‚å¢™çŒ«çŒ«è™«,,000018,å‘ç²ªæ¶‚å¢™çŒ«çŒ«è™«,44992123,https://www.pixiv.net/users/44992123,,,,,,,å‘ç²ªæ¶‚å¢™çŒ«çŒ«è™«,385651762,https://space.bilibili.com/385651762,2025:07:07,,
æ”¾å°„æ€§å½—æ˜Ÿ,,000019,,,,æ”¾å°„æ€§å½—æ˜Ÿ,91231_,https://x.com/91231_,æ”¾å°„æ€§å½—æ˜Ÿ,2883994684,https://weibo.com/u/2883994684,æ”¾å°„æ€§å½—æ˜Ÿ,1723008064,https://space.bilibili.com/1723008064,2025:05:31,,
é£›è€…,,00001a,é£›è€…@æ˜¥ä¾‹ã„02ab,23800170,https://www.pixiv.net/users/23800170,é£›è€…,Uwata_h,https://x.com/Uwata_h,,,,,,,,,
å¯Œå£«ã‚„ã¾,,00001b,å¯Œå£«ã‚„ã¾,9343974,https://www.pixiv.net/users/9343974,å¯Œå£«ã‚„ã¾ Fujiyama;rin(Øª),fujiyamatzn;rin_ROYAL,https://x.com/fujiyamatzn;https://x.com/rin_ROYAL,Fujiyama_TOZANBU,7777790407,https://weibo.com/u/7777790407,å¯Œå£«ã‚„ã¾,2083962247,https://space.bilibili.com/2083962247,2025:07:01,Manga,
ç´ºå±‹é´‰æ±Ÿ,,00001c,ç´ºå±‹é´‰æ±Ÿ,10109777,https://www.pixiv.net/users/10109777,KonYa666,hxPTwPREsH6ll10,https://x.com/hxPTwPREsH6ll10,KonYa666,7096336017,https://weibo.com/u/7096336017,,,,,,
é«˜æ¶(kouka),,00001d,kouka,2031328,https://www.pixiv.net/users/2031328,é«˜æ¶/kouka,kouka_oekaki,https://x.com/kouka_oekaki,,,,,,,,,
éš”å¤œç“œç“œ,,00001e,,,,,,,éš”å¤œç“œç“œ,5259086782,https://weibo.com/u/5259086782,éš”å¤œç“œ,10074425,https://space.bilibili.com/10074425,2025:07:01,,
ç‹—ä¼é¹…(RosehipT72),,00001f,RosehipT72,7899506,https://www.pixiv.net/users/7899506,ç‹—ä¼é¹…,RosehipT72,https://x.com/RosehipT72,ç‹ æ¯’ä¼éµç”·å­©,3584256542,https://weibo.com/u/3584256542,ç‹ æ¯’ä¼é¹…ç”·å­©,3182506,https://space.bilibili.com/3182506,2025:07:07,,
å¤ä»£äººx(RACHELEE___),,000020,,,,,,,RACHELEE___,6227994839,https://weibo.com/u/6227994839,å¤ä»£äººx,2266840,https://space.bilibili.com/2266840,2025:07:07,,
å¤å¤-å’•å’•å’•,,000021,,,,,,,å¤å¤-å’•å’•å’•,5237581339,https://weibo.com/u/5237581339,,,,,,
å»£å²¡æ”¿æ¨¹,,000022,,,,å»£å²¡æ”¿æ¨¹,masaki_hirooka,https://x.com/masaki_hirooka,,,,,,,,,
å¯’å¯æ˜¯è¶…å¿™çš„,,000023,å¯’å¯æ˜¯è¶…å¿™çš„,7227661,https://www.pixiv.net/users/7227661,,,,,,,,,,,,
é»‘æ¡ƒå–µäºŒå,,000024,é»‘æ¡ƒå–µäºŒå,16317084,https://www.pixiv.net/users/16317084,,,,,,,é»‘æ¡ƒå–µäºŒå,405829804,https://space.bilibili.com/405829804,2025:07:01,,
èŠ±æœ¬,,000025,èŠ±æœ¬,8066934,https://www.pixiv.net/users/8066934,èŠ±æœ¬,Hanamoto410,https://x.com/Hanamoto410,,,,,,,,,
èŠ±ä¹…èŠ±é…’(Sylvia),,000026,Sylvia,17783380,https://www.pixiv.net/users/17783380,,,,,,,èŠ±ä¹…èŠ±é…’,2394319,https://space.bilibili.com/2394319,2025:07:07,,
ç¯_Tamaki(Tamaki_101),,000027,Tamaki_101,61336553,https://www.pixiv.net/users/61336553,,,,,,,ç¯_Tamaki,174286545,https://space.bilibili.com/174286545,2025:07:01,,
è¿´ä¿®æ‰€æµ·é¦¬(Hotaruzzzz),,000028,Hotaruzzzz,38408514,https://www.pixiv.net/users/38408514,è¿´ä¿®æ‰€æµ·é¦¬,hotaruzzzz,https://x.com/hotaruzzzz,å›ä¿®æ‰€æµ·é©¬,7310121127,https://weibo.com/u/7310121127,,,,,,
ä¼½å–±æŸ èŒ¶_,,000029,,,,,,,,,,ä¼½å–±æŸ èŒ¶_,3546606234241769,https://space.bilibili.com/3546606234241769,2025:05:31,,
ç®€å¿ å¨,,00002a,,,,,,,ç®€å¿ å¨æ°´å½©è‰ºæœ¯,6401198818,https://weibo.com/u/6401198818,,,,,,
ä¹å¶æ¡‘,,00002b,ä¹å¶æ¡‘,27082556,https://www.pixiv.net/users/27082556,ä¹å¶æ¡‘,jiuyesang,https://x.com/jiuyesang,,,,,,,,,
å±…å®‰æ€å±(å†·å¸å†¦),,00002c,å±…å®‰æ€å±,32916660,https://www.pixiv.net/users/32916660,,,,å†·å¸å†¦2å·æœº,7529994201,https://weibo.com/u/7529994201,,,,,,
å¡ç±³å°”Kamill,,00002d,,,,,,,-Kamili-,2125662364,https://weibo.com/u/2125662364,,,,,,
å¯ä¹ç±³mi,,00002e,å¯ä¹ç±³mi,22334948,https://www.pixiv.net/users/22334948,,,,,,,ä¸¿å¯ä¹ç±³mi,13598089,https://space.bilibili.com/13598089,2025:07:01,,
å­”ä»£CondÃ©,,00002f,å­”ä»£CondÃ©,65407801,https://www.pixiv.net/users/65407801,,,,,,,å–œæ¬¢æˆ‘å­”ä»£å¤§å°å§å—,336664944,https://space.bilibili.com/336664944,2025:07:01,,
å£å·å£å·åœˆ,,000030,,,,,,,å£å·å£å·åœˆ,5342951654,https://weibo.com/u/5342951654,,,,,,
å›°å›°å›°(ï¿£^ï¿£),,000031,å›°å›°å›°(ï¿£^ï¿£),73219008,https://www.pixiv.net/users/73219008,,,,,,,,,,,,
è‚‹å…µå™¨,,000032,è‚‹å…µå™¨,15063,https://www.pixiv.net/users/15063,è‚‹å…µå™¨,abara,https://x.com/abara,,,,,,,,,
æ —æ¯›é¦¬,,000033,æ —æ¯›é¦¬,64924075,https://www.pixiv.net/users/64924075,,,,,,,,,,,,
è‰¯å­,,000034,è‰¯å­,896208,https://www.pixiv.net/users/896208,,,,,,,,,,,,
æ¶¼è²“,,000035,æ¶¼è²“,11589991,https://www.pixiv.net/users/11589991,,,,,,,,,,,,
éˆ´è¦³,,000036,,,,éˆ´è¦³,ccroquette_,https://x.com/ccroquette_,,,,,,,,,
é¹¿ç¾½(95å·æ±½æ²¹æ‹Œæ„å¤§åˆ©é¢),,000037,,,,,,,95å·æ±½æ²¹æ‹Œæ„å¤§åˆ©é¢,7752939576,https://weibo.com/u/7752939576,,,,,,
è²“é¯¨(Nekojira),,000038,Nekojira,4526277,https://www.pixiv.net/users/4526277,è²“é¯¨,Nekojira,https://x.com/Nekojira,,,,,,,,,
å¤¢ãƒå†…,,000039,å¤¢ãƒå†…,229788,https://www.pixiv.net/users/229788,,,,,,,,,,,,
ç±³å®¤,,00003a,ç±³å®¤,10199606,https://www.pixiv.net/users/10199606,,,,,,,,,,,,
æ°‘â—†joeManyODw,,00003b,æ°‘â—†joeManyODw,1568891,https://www.pixiv.net/users/1568891,,,,,,,,,,,,
åä¾¦æ¢ALLK,,00003c,,,,,,,è¹©è„šä¾¦æ¢ALLK,7336683380,https://weibo.com/u/7336683380,,,,,,
æœ«ç«¯çƒ­,,00003d,æœ«ç«¯çƒ­moduanre,18215432,https://www.pixiv.net/users/18215432,,,,,,,æœ«ç«¯çƒ­,2266331,https://space.bilibili.com/2266331,2025:05:31,,
ç‰¡è›ä¸æ˜¯åŠªåŠ›,,00003e,,,,,,,ç‰¡è›ä¸æ˜¯åŠªåŠ›,5073476986,https://weibo.com/u/5073476986,,,,,,
é€†ä¹ŸNemo,,00003f,é€†ä¹ŸNemo,4523175,https://www.pixiv.net/users/4523175,,,,é€†ä¹ŸNemo,2186803291,https://weibo.com/u/2186803291,,,,,,
å»¿ç½—,,000040,,,,,,,,,,å»¿ç½—,8571162,https://space.bilibili.com/8571162,2025:07:07,,
æŸ æª¬é™é™é™é™,,000041,æŸ æª¬é™é™é™é™,66477791,https://www.pixiv.net/users/66477791,,,,,,,,,,,,
ä¸ƒç”°QTian,,000042,ä¸ƒç”°ã®QTian,22932449,https://www.pixiv.net/users/22932449,,,,,,,,,,,,
æ£²å¤,,000043,æ£²å¤,4635318,https://www.pixiv.net/users/4635318,,,,,,,,,,,,
å²‚å¯ä¿®ä¸¶,,000044,,,,,,,,,,_å²‚å¯ä¿®ä¸¶,893915,https://space.bilibili.com/893915,2025:05:31,,
åƒå¤œQYS3,,000045,åƒå¤œQYS3,7210261,https://www.pixiv.net/users/7210261,,,,,,,,,,,,
æ·ºæ˜¥,,000046,æ·ºæ˜¥,5662397,https://www.pixiv.net/users/5662397,,,,,,,,,,,,
é’ç±ºèŒå­(Oycico-),,000047,é’ç±ºèŒå­,68659231,https://www.pixiv.net/users/68659231,Oycico,UPAOIII,https://x.com/UPAOIII,Oycico-,6482764088,https://weibo.com/u/6482764088,,,,,,
æ™´ã®ã¡sakana,,000048,æ™´ã®ã¡sakana,3595551,https://www.pixiv.net/users/3595551,,,,,,,,,,,,
å…¨ç­æœ€èœå˜¤å˜¤å˜¤,,000049,,,,YYY_( Â´ï½¥á´—ï½¥` ),zelda10010,https://x.com/zelda10010,å…¨ç­æœ€èœå˜¤å˜¤å˜¤,7477949468,https://weibo.com/u/7477949468,,,,,,
ç©°é›€,,00004a,ç©°é›€,78406183,https://www.pixiv.net/users/78406183,,,,,,,,,,,,
äººå­Rz,,00004b,,,,,,,äººå­Rz,7174237452,https://weibo.com/u/7174237452,,,,,,
æ—¥å®,,00004c,æ—¥å®,67093476,https://www.pixiv.net/users/67093476,,,,,,,,,,,,
è‹¥å¹²çˆª,,00004d,è‹¥å¹²çˆª,23174275,https://www.pixiv.net/users/23174275,è‹¥å¹²çˆª,ruoganzhua,https://x.com/ruoganzhua,è‹¥å¹²çˆª,2837482977,https://weibo.com/u/2837482977,,,,,,
å¡å°¤ç¢§cub,,00004e,å¡å°¤ç¢§cub,20933241,https://www.pixiv.net/users/20933241,å¡å°¤ç¢§cub,cubkoyob,https://x.com/cubkoyob,,,,å¡å°¤ç¢§cub,8167761,https://space.bilibili.com/8167761,2025:05:31,,
å,,00004f,å,10937496,https://www.pixiv.net/users/10937496,,,,,,,,,,,,
å‚˜_,,000050,å‚˜_,82368321,https://www.pixiv.net/users/82368321,å‚˜_,_Regenschirm__,https://x.com/_Regenschirm__,,,,,,,,,
å±±ç”°çƒŸè‰,,000051,,,,å±±ç”°çƒŸè‰,1256533562T,https://x.com/1256533562T,å±±ç”°çƒŸè‰,5417287179,https://weibo.com/u/5417287179,,,,,,
å±±ä¸­æ¢…,,000052,å±±ä¸­æ¢…,12873498,https://www.pixiv.net/users/12873498,,,,,,,,,,,,
ä¸Šå€‰ã‚¨ã‚¯,,000053,ä¸Šå€‰ã‚¨ã‚¯,299299,https://www.pixiv.net/users/299299,,,,,,,,,,,,
çƒ§å¿ƒæ–‹,,000054,,,,,,,,,,ä¸€ä¸ªç‚¹txt,454663758,https://space.bilibili.com/454663758,2025:07:07,,
æ·±éœ–é–“,,000055,,,,,,,æ·±éœ–é–“,7115668024,https://weibo.com/u/7115668024,,,,,,
ä»€é˜¿çºº,,000056,,,,,,,ä»€é˜¿çºº,7744308001,https://weibo.com/u/7744308001,,,,,,
ç¥å¥‡çš„9å›,,000057,ç¥å¥‡çš„9å›,34734391,https://www.pixiv.net/users/34734391,ç¥å¥‡çš„9å›,rookie_9,https://x.com/rookie_9,,,,,,,,,
åæ¾æœ,,000058,,,,åæ¾æœ,zeriko7,https://x.com/zeriko7,åæ¾æœ;ä¸€æœ¨æœ¨é¼ ,1778140897;6173699951,https://weibo.com/u/1778140897;https://weibo.com/u/6173699951,,,,,,
æ”¶è¨Šä¸è‰¯,,000059,æ”¶è¨Šä¸è‰¯,7459019,https://www.pixiv.net/users/7459019,,,,,,,,,,,,
å®ˆæœˆå²è²´(ã‹ã¿ã—ã),,00005a,å®ˆæœˆ å²è²´ï¼ˆã‹ã¿ã¥ã ã—ãï¼‰,979621,https://www.pixiv.net/users/979621,å®ˆæœˆå²è²´ã‚­ãƒŸãƒ©ãƒé€£è¼‰ä¸­;N/A,Kamizuki_S1;Kamishiki_d1,https://x.com/Kamizuki_S1;https://x.com/Kamishiki_d1,,,,,,,,Manga,
å¸ç¨½ç¨½,,00005b,å¸ç¨½ç¨½,16225778,https://www.pixiv.net/users/16225778,,,,,,,å¸ç¨½ä¸æƒ³ç”»ç”»,9817849,https://space.bilibili.com/9817849,2025:07:07,,
ç§æœŸ,,00005c,ç§æœŸ,3626004,https://www.pixiv.net/users/3626004,ç§æœŸ,snowcake47,https://x.com/snowcake47,ç§æœŸ,2861524284,https://weibo.com/u/2861524284,,,,,,
å¤ªã‚‚ã‚‚,,00005d,å¤ªã‚‚ã‚‚,8413186,https://www.pixiv.net/users/8413186,,,,,,,,,,,,
æ¹¯é¬(dolosse),,00005e,dolosse,12552254,https://www.pixiv.net/users/12552254,DOLOSSE,dolosseXD,https://x.com/dolosseXD,,,,æ¹¯é¬,1994894,https://space.bilibili.com/1994894,2025:05:31,,
å”æšã’(å¥½åƒä¸å¦‚é¦™é¦™é¸¡),,00005f,,,,å”æšã’100æ—¥ãƒãƒ£ãƒ¬ãƒ³ã‚¸ä¸­,toriokok,https://x.com/toriokok,å¥½åƒä¸å¦‚é¦™é¦™é¸¡,7389052892,https://weibo.com/u/7389052892,,,,,,
èŸ_(è©),,000060,èŸ_;è©,3621731;66371932,https://www.pixiv.net/users/3621731;https://www.pixiv.net/users/66371932,èŸ_;N/A,shiina_elisa;hagi_nnm,https://x.com/shiina_elisa;https://x.com/hagi_nnm,,,,,,,,,
æœ›æœˆã‚‚ã¡(sk),,000061,æœ›æœˆã‚‚ã¡;sk,15147502;101034568,https://www.pixiv.net/users/15147502;https://www.pixiv.net/users/101034568,sk,sk300666,https://x.com/sk300666,,,,,,,,,
é­ç‰¹æ›¼Wittmann,,000062,é­ç‰¹æ›¼Wittmann,26766704,https://www.pixiv.net/users/26766704,,,,,,,,,,,,
æˆ‘è¦å½“ç†ŠçŒ«-,,000063,,,,,,,,,,æˆ‘è¦å½“ç†ŠçŒ«-,36446515,https://space.bilibili.com/36446515,2025:07:07,,
å·«å¸½Feimo(è‚¥å¸½å­),,000064,,,,,,,,,,è‚¥å¸½å­,5223221,https://space.bilibili.com/5223221,2025:07:07,,
å¤•æœ«(XilmO),,000065,XilmO@å¤•æœ«,19389056,https://www.pixiv.net/users/19389056,xilmo@å¤•æœ«,xilmo1,https://x.com/xilmo1,å¤•æœ«çš„ç”»æ¿å„¿å‘¢,3541932414,https://weibo.com/u/3541932414,,,,,,
æ™“ç¬‘é¸®,,000066,,,,,,,,,,æ™“ç¬‘é¸®,238666020,https://space.bilibili.com/238666020,2025:05:31,,
æœ½ã¡è¢–,,000067,æœ½ã¡è¢–,109035571,https://www.pixiv.net/users/109035571,,,,,,,,,,,,
å˜˜é²²è›è›å­,,000068,,,,,,,å˜˜é²²è›è›å­,3862526960,https://weibo.com/u/3862526960,,,,,,
é›ª,,000069,é›ª,25228,https://www.pixiv.net/users/25228,,,,,,,,,,,,
å¯»ç„¶,,00006a,,,,å¯»ç„¶,chuxun127,https://x.com/chuxun127,å¯»å‘¼æœºè”ç³»,5750081405,https://weibo.com/u/5750081405,,,,,,
é¸¦å±…,,00006b,é¸¦å±…,22298878,https://www.pixiv.net/users/22298878,,,,,,,,,,,,
å¤œã®ç¾Šé›²,,00006c,,,,å¤œã®ç¾Šé›²,yorunogumo,https://x.com/yorunogumo,,,,,,,,Manga,
ä¸€æœµçƒ§éº¦,,00006d,ä¸€æœµçƒ§éº¦,7704351,https://www.pixiv.net/users/7704351,,,,,,,,,,,,
ä¸€ä¸ªç‚¹txt,,00006e,,,,,,,,,,ä¸€ä¸ªç‚¹txt,454663758,https://space.bilibili.com/454663758,2025:07:07,,
ä¸€akeng,,00006f,ä¸€akeng,34054962,https://www.pixiv.net/users/34054962,,,,,,,,,,,,
ä¼Šä»£,,000070,ä¼Šä»£@ç§‹ä¾‹ã™42b,6965885,https://www.pixiv.net/users/6965885,,,,,,,,,,,,
ä¹™é†šä¸€æ¯Aether,,000071,ä¹™é†šä¸€æ¯Aether,23670210,https://www.pixiv.net/users/23670210,YIMIAether,AcupofAether,https://x.com/AcupofAether,ä¹™é†šä¸€æ¯YIMIAether,5981727666,https://weibo.com/u/5981727666,,,,,,
æ²¹é”…ãªã¹ã‚‹,,000072,,,,æ²¹é”…ãªã¹ã‚‹ C105æ—¥æ›œæ±R17b,UGjk0925,https://x.com/UGjk0925,æ²¹é”…ç‚’èœå€å€é¦™,6330371426,https://weibo.com/u/6330371426,,,,,,
é±¼æ³¼ç²‰,,000073,é±¼æ³¼ç²‰,18538124,https://www.pixiv.net/users/18538124,,,,,,,,,,,,
æ™•æ¬§æ¬§,,000074,æ™•æ¬§æ¬§,5669330,https://www.pixiv.net/users/5669330,æ™•æ¬§æ¬§,Yunouou10,https://x.com/Yunouou10,æ™•æ¬§æ¬§,2720243414,https://weibo.com/u/2720243414,,,,,,
é›²é›€ã²ãª,,000075,é›²é›€ã²ãª,2783388,https://www.pixiv.net/users/2783388,,,,,,,,,,,,
çœŸæ˜,,000076,,,,çœŸæ˜,shisantian,https://x.com/shisantian,æ’‡è„šå¦‡äººåä¸‰å¤©,3082090661,https://weibo.com/u/3082090661,,,,,,
å®™è‰¯ã‚‚ã‚ˆ,,000077,å®™,54339752,https://www.pixiv.net/users/54339752,,,,,,,,,,,,
ç«¹ä¸¿æ«,,000078,ç«¹ä¸¿æ«,46746762,https://www.pixiv.net/users/46746762,,,,,,,ç«¹ä¸¿æ«,132980331,https://space.bilibili.com/132980331,2025:07:07,,
æ¡Œå­å›,,000079,æ¡Œå­å›,5766170,https://www.pixiv.net/users/5766170,,,,,,,,,,,,
æ¢“æ½¼nekoå–µ,,00007a,æ¢“æ½¼nekoå–µ,34314004,https://www.pixiv.net/users/34314004,,,,æ¢“æ½¼nekoå–µ,7021464769,https://weibo.com/u/7021464769,,,,,,
æœ€ä¸Š-å·,,00007b,æœ€ä¸Š-å·,46990939,https://www.pixiv.net/users/46990939,æœ€ä¸Šå·,m_ogamikawa,https://x.com/m_ogamikawa,,,,æœ€ä¸Š-å·,11405916,https://space.bilibili.com/11405916,2025:07:01,,
aæ–¹æ–¹èŠ³èŠ³,,00007c,aæ–¹æ–¹èŠ³èŠ³,24621800,https://www.pixiv.net/users/24621800,,,,,,,aæ–¹æ–¹èŠ³èŠ³,8741520,https://space.bilibili.com/8741520,2025:07:01,,
AGOTO,,00007d,_AGOTO,59284890,https://www.pixiv.net/users/59284890,AGOTO / fevercell,_AGOTO,https://x.com/_AGOTO,,,,,,,,,
aka(SINKCADAVER,,00007e,aka,27086586,https://www.pixiv.net/users/27086586,aka,aka_bake,https://x.com/aka_bake,SINKCADAVER,6617473387,https://weibo.com/u/6617473387,,,,,,
AkiZero1510,,00007f,AkiZero1510,12227191,https://www.pixiv.net/users/12227191,AkiZero,zero15101991,https://x.com/zero15101991,,,,,,,,,
Ameru_nya,,000080,,,,,,,,,,Ameru_nya,22831026,https://space.bilibili.com/22831026,2025:07:01,,
Ameã‚‚ã¡,,000081,Ameã‚‚ã¡áµ•Ìˆ*ğŸ­,59688623,https://www.pixiv.net/users/59688623,Ameã‚‚ã¡,Ame_929,https://x.com/Ame_929,,,,,,,,,
amukeer,,000082,amukeer,24142381,https://www.pixiv.net/users/24142381,,,,,,,,,,,,
Anmi,,000083,Anmi@ç”»é›†ç™ºå£²ä¸­,212801,https://www.pixiv.net/users/212801,Anmi;ã‚¤ãƒ ãƒŠ-567-,Anmi_;imuna567,https://x.com/Anmi_;https://x.com/imuna567,,,,,,,,,
anon,,000084,anon,35692440,https://www.pixiv.net/users/35692440,,,,,,,,,,,,
ATILOL,,000085,ATILOL,89395636,https://www.pixiv.net/users/89395636,,,,,,,,,,,,
AZUR LANE*-*ç¢§è“èˆªçº¿),,000086,,,,,,,,,,,,,,,
Azurymi,,000087,ã¯ãªã¨ã‚Œã„,27135194,https://www.pixiv.net/users/27135194,,,,,,,,,,,,
blvefo9,,000088,blvefo9,2484671,https://www.pixiv.net/users/2484671,,,,,,,,,,,Manga,
c7è‚˜,,000089,c7è‚˜,217707,https://www.pixiv.net/users/217707,,,,,,,,,,,,
catzz,,00008a,catzz,1056186,https://www.pixiv.net/users/1056186,catzz,2gonode,https://x.com/2gonode,,,,,,,,,
CharlesC,,00008b,,,,CharlesC / fevercell,106858_,https://x.com/106858_,,,,,,,,,
Cloaking19,,00008c,ã°ã‚“ãã†ã“ã†,1577252,https://www.pixiv.net/users/1577252,,,,,,,,,,,,
cmç¾Š,,00008d,cmç¾Š,46174217,https://www.pixiv.net/users/46174217,,,,,,,Cmç¾Š,16851444,https://space.bilibili.com/16851444,2025:07:07,,
Coria,,00008e,Coria,27848445,https://www.pixiv.net/users/27848445,Coria_Tutu,Coria_tu,https://x.com/Coria_tu,,,,ä¸æ„¿é€éœ²å§“åçš„Coria,7323950,https://space.bilibili.com/7323950,2025:07:07,,
cumin cike,,00008f,cumin cike,21865106,https://www.pixiv.net/users/21865106,,,,,,,,,,,,
DDal,,000090,DDal,267137,https://www.pixiv.net/users/267137,DDal,ddal_kr,https://x.com/ddal_kr,,,,,,,,,
DIno,,000091,DIno,66807813,https://www.pixiv.net/users/66807813,Dino,Dino_illus,https://x.com/Dino_illus,,,,,,,,,
donnyjie,,000092,donnyjie,5408463,https://www.pixiv.net/users/5408463,,,,,,,,,,,,
DSãƒã‚¤ãƒ«,,000093,DSãƒã‚¤ãƒ«ğŸŒ»ç”»é›†ç™ºå£²ä¸­,795196,https://www.pixiv.net/users/795196,DSãƒã‚¤ãƒ«,DSmile9,https://x.com/DSmile9,,,,,,,,,
Duoer,,000094,,,,Duoer,dlgeria,https://x.com/dlgeria,-Duoer-,5658758222,https://weibo.com/u/5658758222,--Duoer--,27862383,https://space.bilibili.com/27862383,2025:07:01,,
Enze_æ©æ²¢,,000095,Enze_æ©æ²¢,13750517,https://www.pixiv.net/users/13750517,,,,,,,,,,,,
eq0(Eq-014-,,000096,eq0,60204870,https://www.pixiv.net/users/60204870,,,,,,,Eq-014-,19810237,https://space.bilibili.com/19810237,2025:05:31,,
ezu,,000097,ezu,10549811,https://www.pixiv.net/users/10549811,,,,,,,,,,,,
FL-é£çµ,,000099,,,,,,,,,,FL-é£çµ,13496869,https://space.bilibili.com/13496869,2025:07:07,,
freng,,00009a,freng,3975343,https://www.pixiv.net/users/3975343,ğ˜§ğ˜³ğ˜¦ğ˜¯ğ˜¨,frengchiano2,https://x.com/frengchiano2,,,,,,,,,
Furioso,,00009b,Furioso,7537986,https://www.pixiv.net/users/7537986,Furioso7,Furioso2201,https://x.com/Furioso2201,,,,,,,,,
GAloDos,,00009c,GAloDos,11461045,https://www.pixiv.net/users/11461045,,,,,,,,,,,,
glutton,,00009d,glutton,74156805,https://www.pixiv.net/users/74156805,,,,__Glutton__,6597533086,https://weibo.com/u/6597533086,,,,,,
Hajin,,00009e,Hajin,6584502,https://www.pixiv.net/users/6584502,,,,,,,,,,,,
haliya*,,00009f,haliya*,79378883,https://www.pixiv.net/users/79378883,,,,,,,,,,,,
Han-0v0,,0000a0,,,,,,,,,,,,,,,
hayu,,0000a1,ğ•™ğ•’ğ•ªğ•¦ï¼ˆï¾Šï¾•ï¼‰,65158398,https://www.pixiv.net/users/65158398,,,,,,,,,,,,
HJL,,0000a2,HJL,714577,https://www.pixiv.net/users/714577,,,,,,,,,,,,
Hle,,0000a3,Hle,5948143,https://www.pixiv.net/users/5948143,,,,-Hle-,2862825684,https://weibo.com/u/2862825684,,,,,,
Honi,,0000a4,,,,Honi / 7ì½”,Honi1010,https://x.com/Honi1010,,,,,,,,,
HQu,,0000a5,,,,HQu,8quuu_,https://x.com/8quuu_,,,,,,,,,
hufy,,0000a6,Hufyï£¿,28071361,https://www.pixiv.net/users/28071361,,,,,,,,,,,,
JILLã€‚,,0000a7,JILLã€‚,54259522,https://www.pixiv.net/users/54259522,,,,,,,,,,,,
Joezunzun,,0000a8,Joezunzun,5817873,https://www.pixiv.net/users/5817873,,,,ä¹”ç‘Ÿå¤«ä¹”å°Šå°Š,3829652180,https://weibo.com/u/3829652180,,,,,,
Kago,,0000a9,Kago,97702332,https://www.pixiv.net/users/97702332,Kago,wall_io,https://x.com/wall_io,,,,kagoè’™å¤ä¸­å•,1805183606,https://space.bilibili.com/1805183606,2025:07:01,,
KANA,,0000aa,KANA,3270429,https://www.pixiv.net/users/3270429,,,,-KANAé…±-,1732729640,https://weibo.com/u/1732729640,,,,,,
Katann,,0000ab,Katann,10262845,https://www.pixiv.net/users/10262845,,,,,,,,,,,,
ke-ta,,0000ac,ke-ta,3104565,https://www.pixiv.net/users/3104565,ke-taï¼ æ¬¡å›ã¯å¤ã‚³ãƒŸ,ke_ta_gekidoku,https://x.com/ke_ta_gekidoku,,,,,,,,,
KENTllaall,,0000ad,KENTllaall,9927548,https://www.pixiv.net/users/9927548,,,,,,,,,,,,
Kieed,,0000ae,kieed,11525066,https://www.pixiv.net/users/11525066,kieed,kieed23232,https://x.com/kieed23232,-Kieed-,2989014817,https://weibo.com/u/2989014817,Kieed,25589919,https://space.bilibili.com/25589919,2025:07:07,,
KIncora,,0000af,KIn,3054186,https://www.pixiv.net/users/3054186,KIncora,KIncoraK,https://x.com/KIncoraK,KIncora,2061731981,https://weibo.com/u/2061731981,,,,,,
Koahri,,0000b0,Koahri,7422779,https://www.pixiv.net/users/7422779,,,,,,,,,,,,
Kuuus,,0000b1,,,,Kuuus,Tunmengtun,https://x.com/Tunmengtun,Kuuus,2134581835,https://weibo.com/u/2134581835,,,,,,
Lance,,0000b2,Lance,14538670,https://www.pixiv.net/users/14538670,,,,,,,,,,,,
Laylakkkkæ,,0000b3,,,,,,,,,,Laylakkkkæ,301621,https://space.bilibili.com/301621,2025:07:07,,
Li Flag,,0000b4,Li Flag,14165905,https://www.pixiv.net/users/14165905,,,,åŠ æ²¹ç«‹æ——,1849893165,https://weibo.com/u/1849893165,,,,,,
Liclacãƒ»ãƒªã‚¯ãƒ©ã‚¯,,0000b5,Liclacãƒ»ãƒªã‚¯ãƒ©ã‚¯,3483328,https://www.pixiv.net/users/3483328,,,,,,,,,,,,
linhai,,0000b6,,,,linhai,linhaiQVQ,https://x.com/linhaiQVQ,,,,,,,,,
litsvn,,0000b7,litsvn,5151250,https://www.pixiv.net/users/5151250,,,,,,,,,,,,
loong,,0000b8,loong,22166830,https://www.pixiv.net/users/22166830,,,,,,,,,,,,
lunami_æœªæœˆ,,0000b9,,,,,,,lunami_æœªæœˆ,3187698314,https://weibo.com/u/3187698314,lunami_æœªæœˆ,695378,https://space.bilibili.com/695378,2025:07:07,,
m,,0000ba,m,80668187,https://www.pixiv.net/users/80668187,,,,,,,,,,,,
Matcha_,,0000bb,Matcha_,2583663,https://www.pixiv.net/users/2583663,Matcha,matchach,https://x.com/matchach,åªæœ‰rkgkå¯ä»¥å—,7423883433,https://weibo.com/u/7423883433,,,,,,
MEOYO,,0000bc,MEOYO,61690960,https://www.pixiv.net/users/61690960,,,,,,,,,,,,
MICAS_1118,,0000bd,MICAS_1118,16726025,https://www.pixiv.net/users/16726025,,,,,,,MICAS_1118,3546735915829497,https://space.bilibili.com/3546735915829497,2025:07:01,,
mocha,,0000be,mocha@æ–°åˆŠå§”è¨—ä¸­,648285,https://www.pixiv.net/users/648285,,,,,,,,,,,,
moguÂ²,,0000bf,,,,moguÂ²;not mogu,mogu_sq;mogu_alt,https://x.com/mogu_sq;https://x.com/mogu_alt,,,,,,,,,
mor,,0000c0,,,,mor,mormormorp,https://x.com/mormormorp,,,,,,,,,
myuI,,0000c1,myuI,81827826,https://www.pixiv.net/users/81827826,myuI,myui17901139,https://x.com/myui17901139,,,,,,,,,
NAY,,0000c2,NAY,11152484,https://www.pixiv.net/users/11152484,,,,,,,,,,,,
Nine,,0000c3,Nine,3875056,https://www.pixiv.net/users/3875056,,,,,,,,,,,,
NLHXH,,0000c4,NLHXH,16942232,https://www.pixiv.net/users/16942232,,,,,,,,,,,,
Nochek(KI),,0000c5,Nochek,21120566,https://www.pixiv.net/users/21120566,KI,Nochek_,https://x.com/Nochek_,,,,,,,,,
Ns404,,0000c6,,,,ns404,chenlin14594662,https://x.com/chenlin14594662,Ns404,3787130682,https://weibo.com/u/3787130682,,,,,,
NyuN,,0000c7,NyuN,12596277,https://www.pixiv.net/users/12596277,,,,,,,,,,,,
oä¹Œè‹o,,0000c8,,,,,,,oä¹Œè‹o,5319629883,https://weibo.com/u/5319629883,,,,,,
Oba,,0000c9,Oba,20363223,https://www.pixiv.net/users/20363223,,,,,,,,,,,,
observerZ,,0000ca,observerZ,19932,https://www.pixiv.net/users/19932,,,,,,,,,,,,
Okku,,0000cb,Okku,10163454,https://www.pixiv.net/users/10163454,,,,,,,,,,,,
OLYS(ì˜¤ë¦¬ì‹ ),,0000cc,ì˜¤ë¦¬ì‹ /OLYS,5163269,https://www.pixiv.net/users/5163269,ì˜¤ë¦¬ì‹ /olys011,olys011,https://x.com/olys011,,,,,,,,,
omochinoie,,0000cd,omochinoie,30551748,https://www.pixiv.net/users/30551748,è½Ÿ(ç§»è»¢),Sho_lwlw,https://x.com/Sho_lwlw,,,,,,,,,
oÏ‰on(ã‹ã‚‰ã¾ã‚‹),,0000ce,ã‹ã‚‰ã¾ã‚‹,64331767,https://www.pixiv.net/users/64331767,,,,,,,,,,,,
Painterå…­å·,,0000cf,Painterå…­å·,82887646,https://www.pixiv.net/users/82887646,,,,,,,,,,,,
paofan,,0000d0,paofan,65454092,https://www.pixiv.net/users/65454092,,,,,,,,,,,,
Paryi,,0000d1,Paryi,30816400,https://www.pixiv.net/users/30816400,,,,,,,,,,,,
potg(ã´ãŠã¦ã),,0000d2,potgï¼ˆã´ãŠã¦ãï¼‰,62834074,https://www.pixiv.net/users/62834074,potgâ˜…ç”»é›†å‡ºã¾ã—ãŸ,potg333,https://x.com/potg333,,,,,,,,,
Pro-p,,0000d3,Pro-p,12756857,https://www.pixiv.net/users/12756857,Pro-p,pro_p24,https://x.com/pro_p24,,,,,,,,,
Pu_HT,,0000d4,Pu_HT,16753826,https://www.pixiv.net/users/16753826,,,,,,,,,,,,
RA(LL),,0000d5,RA;LL,21848;2001822,https://www.pixiv.net/users/21848;https://www.pixiv.net/users/2001822,,,,,,,,,,,,
RAEl,,0000d6,RAEl,80967255,https://www.pixiv.net/users/80967255,,,,,,,,,,,,
ran9u,ã‚‰ã‚“ã,0000d7,ran9u,33844486,https://www.pixiv.net/users/33844486,ran9u@2æ—¥ç›®å—a10ab,ran9u,https://x.com/ran9u,,,,,,,,,
REDUM,,0000d8,REDUM,15825259,https://www.pixiv.net/users/15825259,REDUM,REDUM4,https://x.com/REDUM4,-REDUM-,2004707471,https://weibo.com/u/2004707471,,,,,,
Rella,,0000d9,Rella,163536,https://www.pixiv.net/users/163536,,,,,,,,,,,,
rika_39,,0000da,rika_39,6500693,https://www.pixiv.net/users/6500693,,,,,,,,,,,,
Riok_hh,,0000db,Riok_hh,25481875,https://www.pixiv.net/users/25481875,,,,,,,,,,,,
rokusai,,0000dc,rokusai,1384146,https://www.pixiv.net/users/1384146,,,,,,,,,,,,
rurudo,,0000dd,rurudo,25760573,https://www.pixiv.net/users/25760573,rurudo,rurudo_,https://x.com/rurudo_,,,,,,,,,
ryouä¼¶è¨€,,0000de,ryouä¼¶è¨€,15232676,https://www.pixiv.net/users/15232676,,,,,,,ryouä¼¶è¨€,8612295,https://space.bilibili.com/8612295,2025:07:01,,
Sakana16å·,,0000df,Sakana16å·,42456262,https://www.pixiv.net/users/42456262,,,,,,,,,,,,
SCeedd,,0000e0,,,,,,,,,,SCeedd,600291365,https://space.bilibili.com/600291365,2025:05:31,,
Sentter,,0000e1,Sentter,42385610,https://www.pixiv.net/users/42385610,,,,,,,,,,,,
SH,,0000e2,SH,2865617,https://www.pixiv.net/users/2865617,,,,,,,,,,,,
Shio,,0000e3,Shio,7203802,https://www.pixiv.net/users/7203802,,,,,,,,,,,,
siki,,0000e4,siki,6558698,https://www.pixiv.net/users/6558698,siki,chyoellll,https://x.com/chyoellll,,,,,,,,,
SiyuMU,,0000e5,SiyuMU,23177299,https://www.pixiv.net/users/23177299,,,,,,,,,,,,
soroni,,0000e6,soroni,30649572,https://www.pixiv.net/users/30649572,,,,,,,,,,,,
SoyooNG(ã‚½ãƒ¦ãƒ³),,0000e7,ã‚½ãƒ¦ãƒ³ SoyooNG,10142455,https://www.pixiv.net/users/10142455,,,,,,,,,,,,
SyHan__,,0000e8,SyHan__,12505972,https://www.pixiv.net/users/12505972,,,,,,,,,,,,
Tiko,,0000e9,Tiko,13963774,https://www.pixiv.net/users/13963774,,,,,,,,,,,,
Tiv,,0000ea,Tiv,35081,https://www.pixiv.net/users/35081,,,,,,,,,,,,
TrNyteal -,,0000eb,TrNyteal -,85372089,https://www.pixiv.net/users/85372089,TrNyteal,CiloRanko,https://x.com/CiloRanko,æµ·æµªæ¾é¥¼,2240165102,https://weibo.com/u/2240165102,,,,,,
Tsuioku,,0000ec,Tsuioku,12713290,https://www.pixiv.net/users/12713290,,,,Tsuioku,5262004492,https://weibo.com/u/5262004492,,,,,,
void_0,,0000ed,void_0,14801956,https://www.pixiv.net/users/14801956,,,,voidæ–°ç¥æ®¿ä¸‹,5150201184,https://weibo.com/u/5150201184,,,,,,
Wiersa,,0000ee,Wiersa,19628228,https://www.pixiv.net/users/19628228,,,,,,,,,,,,
yichisaku(ichisaku,,0000ef,,,,ichisaku,yichisaku,https://x.com/yichisaku,,,,yichisaku,612440,https://space.bilibili.com/612440,2025:07:01,,
Zombie_KE,,0000f0,Zombie_KE,36050926,https://www.pixiv.net/users/36050926,Zombie_KE,Zombie_KE02,https://x.com/Zombie_KE02,,,,Zombie_KE,52215954,https://space.bilibili.com/52215954,2025:07:01,,
zutto,,0000f1,zutto,87595559,https://www.pixiv.net/users/87595559,,,,,,,,,,,,
Zygocactus,,0000f2,Zygocactus,42861494,https://www.pixiv.net/users/42861494,zygo,zygo_cactus,https://x.com/zygo_cactus,,,,zygocactus,12456174,https://space.bilibili.com/12456174,2025:05:31,,
ë©”í™*MH,,0000f3,,,,ë©”í™*MH,fm_r3dslov3,https://x.com/fm_r3dslov3,,,,,,,,,
ã‚ã‚ã‚‚ã‚“ã©,,0000f4,ã‚ã‚ã‚‚ã‚“ã©,31430204,https://www.pixiv.net/users/31430204,,,,,,,,,,,,
ã‚¢ã‚¤ãƒ€,,0000f5,ã‚¢ã‚¤ãƒ€,19497338,https://www.pixiv.net/users/19497338,ã‚¢ã‚¤ãƒ€,Aida0612,https://x.com/Aida0612,,,,,,,,,
ã‚ããºã“,,0000f6,ã‚ããºã“,65882780,https://www.pixiv.net/users/65882780,,,,,,,,,,,,
ã‚¢ã‚·ãƒ[Ashima,,0000f7,ã‚¢ã‚·ãƒ / Ashima,2642047,https://www.pixiv.net/users/2642047,ã‚¢ã‚·ãƒ@2æ—¥ç›®å—a-29ab,roro046,https://x.com/roro046,,,,,,,,,
ã‚ãšãƒ¼ã‚‹,,0000f8,ã‚ãšãƒ¼ã‚‹,5838770,https://www.pixiv.net/users/5838770,ã‚ãšãƒ¼ã‚‹,azure_0608_sub,https://x.com/azure_0608_sub,,,,,,,,,
ã‚¢ãƒã‚¬ã‚¤ã‚¿ãƒ­ãƒ¼(ãŠã‚‹ã ã‚“),,0000f9,ã‚¢ãƒã‚¬ã‚¤ã‚¿ãƒ­ãƒ¼,9427,https://www.pixiv.net/users/9427,ãŠã‚‹ã ã‚“,ordan,https://x.com/ordan,,,,,,,,,
ã‚¤ã‚³ãƒ¢ãƒ,,0000fa,ã‚¤ã‚³ãƒ¢ãƒ,801146,https://www.pixiv.net/users/801146,,,,,,,,,,,,
ã†ãšã‚,,0000fb,ã†ãšã‚,86173596,https://www.pixiv.net/users/86173596,ã†ãšã‚,_uzunome,https://x.com/_uzunome,,,,,,,,,
ã†ã¿ã¼ã†ãš,,0000fc,ã†ã¿ã¼ã†ãš,28939313,https://www.pixiv.net/users/28939313,,,,,,,,,,,,
ãŠã‚€ãŸã¤,,0000fd,ãŠã‚€ãŸã¤/omutatsu,1499614,https://www.pixiv.net/users/1499614,ãŠã‚€ãŸã¤,omrice4869,https://x.com/omrice4869,,,,,,,,,
ãŒã‚‰ã™ã®,,0000fe,ãŒã‚‰ã™ã®,64952535,https://www.pixiv.net/users/64952535,,,,,,,,,,,,
ãã®ã«ã,,0000ff,ãã®ã«ã,92261662,https://www.pixiv.net/users/92261662,,,,,,,,,,,,
ãã‚‡ãã¡ã‚‡,,000100,ãã‚‡ãã¡ã‚‡ï¼ æ–°åˆŠã€æ¥“ã¨éˆ´ã€ç™ºå£²,22782,https://www.pixiv.net/users/22782,,,,,,,,,,,Manga,
ã‚³ãƒ¼ãƒ©,,000101,ã‚³ãƒ¼ãƒ©,810305,https://www.pixiv.net/users/810305,,,,,,,,,,,,
ã“ãŠã‚‚ã„,,000102,ã“ãŠã‚‚ã„,851032,https://www.pixiv.net/users/851032,,,,,,,,,,,,
ã“ã‚†ã³ãŸ ã¹ã‚‹,,000103,ã“ã‚†ã³ãŸ ã¹ã‚‹,15130865,https://www.pixiv.net/users/15130865,,,,,,,,,,,,
ã•ã‚ã‚‰ã‚‰ã©,,000104,ã•ã‚ã‚‰ã‚‰ã©,71613627,https://www.pixiv.net/users/71613627,,,,,,,,,,,,
ã—ãŠã‚“,,000105,ã—ãŠã‚“,14707888,https://www.pixiv.net/users/14707888,ã—ãŠã‚“,shionnn_k,https://x.com/shionnn_k,,,,,,,,,
ã—ã‚‚ã«ããŸã‘ã—,,000106,ã—ã‚‚ã«ããŸã‘ã—,21024600,https://www.pixiv.net/users/21024600,,,,,,,,,,,,
ã—ã‚‰ã»,,000107,ã—ã‚‰ã»,15951898,https://www.pixiv.net/users/15951898,,,,,,,,,,,,
ãã‚‰ã«,,000108,ãã‚‰ã«,7216525,https://www.pixiv.net/users/7216525,ãã‚‰ã«ï½œSorani,srn_111,https://x.com/srn_111,,,,,,,,,
ã¢ã›,,000109,ã¢ã›,4790,https://www.pixiv.net/users/4790,ã¢ã›,psychoron,https://x.com/psychoron,,,,,,,,,
ã‹ã‚‰ã‚‰ã’ã¤ã­,ã¤ã­,00010a,ã‹ã‚‰ã‚‰ã’ã¤ã­@FANBOX,11365815,https://www.pixiv.net/users/11365815,,,,,,,,,,,,
ãƒ‡ãƒ¦ã‚¤,,00010b,Deyui | ãƒ‡ãƒ¦ã‚¤,14881241,https://www.pixiv.net/users/14881241,Deyui,xdeyuix,https://x.com/xdeyuix,,,,ãƒ‡ãƒ¦ã‚¤,403116713,https://space.bilibili.com/403116713,2025:07:07,,
ãƒˆãƒˆæ°(ãŠçµµæãã™ã‚‹ã‹ã‚‚ã—ãªã„ã‹ã‚‚),,00010c,ãƒˆãƒˆæ°,3548935,https://www.pixiv.net/users/3548935,ãŠçµµæãã™ã‚‹ã‹ã‚‚ã—ãªã„ã‹ã‚‚,kakikakiken,https://x.com/kakikakiken,,,,,,,,,
ã©ã‚ã£ã·ãã‚“,,00010d,ã©ã‚ã£ã·ãã‚“,4210443,https://www.pixiv.net/users/4210443,ã©ã‚ã£ã·ãã‚“,dropkun_,https://x.com/dropkun_,,,,,,,,,
ãƒ‰ãƒ­ãƒ³ã‚¿ãƒ“,,00010e,ãƒ‰ãƒ­ãƒ³ã‚¿ãƒ“,55392960,https://www.pixiv.net/users/55392960,,,,,,,,,,,,
ã«ã‚“ã’ã‚“ã¾ã‚,,00010f,ã«ã‚“ã’ã‚“ã¾ã‚ï¿¤1æ—¥ç›®æ±A-19,38297201,https://www.pixiv.net/users/38297201,,,,,,,,,,,,
ãƒãƒ–ãƒªãƒ¼(í—ˆë¶€ë¦¬),,000110,ãƒãƒ–ãƒªãƒ¼,40163021,https://www.pixiv.net/users/40163021,í—ˆë¶€ë¦¬,heoburi35,https://x.com/heoburi35,,,,,,,,,
ã±ã‚‰ãŒã™,,000111,ã±ã‚‰ãŒã™,5209859,https://www.pixiv.net/users/5209859,,,,,,,,,,,,
ã²ã¿ã¤,,000112,ã²ã¿ã¤,13379747,https://www.pixiv.net/users/13379747,,,,,,,,,,,Manga,
ãµã‚ã‚Š,,000113,ãµã‚ã‚Š,9212166,https://www.pixiv.net/users/9212166,,,,,,,,,,,,
ã¶ã‚“ã¡,,000114,ã¶ã‚“ã¡,51109313,https://www.pixiv.net/users/51109313,ã¶ã‚“ã¡,Bunch_1123,https://x.com/Bunch_1123,,,,,,,,,
ï¾ï¾…ï¾ï½®ï½º,,000115,ï¾ï¾…ï¾ï½®ï½º,81719148,https://www.pixiv.net/users/81719148,,,,,,,,,,,,
ã½,,000116,ã½,70169966,https://www.pixiv.net/users/70169966,,,,,,,,,,,,
ã»ã—ã†ã¿,,000117,ã»ã—ã†ã¿,121768,https://www.pixiv.net/users/121768,,,,,,,,,,,,
ã»ãŸã¦ã‚“ã—,,000118,ã»ãŸã¦ã‚“ã—,77904107,https://www.pixiv.net/users/77904107,ã»ãŸã¦ã‚“ã—,hotatenshi333,https://x.com/hotatenshi333,,,,,,,,,
ã¾ã¶ãŸ,,000119,,,,ã¾ã¶ãŸ,mabutaroimo,https://x.com/mabutaroimo,,,,,,,,,
ã¾ã‚“ã¾ã‚‹ã¿ã‹ã‚“,,00011a,æº€ä¸¸ã¿ã‹ã‚“ğŸŠFANBOX,9190106,https://www.pixiv.net/users/9190106,,,,,,,,,,,,
ãƒŸãƒ«ã‚¯èŒ¶ä¼š,,00011b,ãƒŸãƒ«ã‚¯èŒ¶ä¼š,32220934,https://www.pixiv.net/users/32220934,,,,,,,,,,,,
ãƒ¢èª°,,00011c,ãƒ¢èª°,1878082,https://www.pixiv.net/users/1878082,ãƒ¢èª°,jeonghee1414,https://x.com/jeonghee1414,,,,,,,,,
ã‚„ã¤ã¯,,00011d,ã‚„ã¤ã¯,15847203,https://www.pixiv.net/users/15847203,ã‚„ã¤ã¯,lcr828,https://x.com/lcr828,,,,,,,,,
ã‚ˆã†ã¥ã,,00011e,ã‚ˆã†ã¥ã,9435499,https://www.pixiv.net/users/9435499,,,,,,,,,,,,
ã‚ˆã‚‹ã†ã‚ˆ,,00011f,ã‚ˆã‚‹ã†ã‚ˆ,71335427,https://www.pixiv.net/users/71335427,ã‚ˆã‚‹ã†ã‚ˆ,yoru_uyo,https://x.com/yoru_uyo,,,,,,,,,
ã‚‰ã‚“,,000120,ã‚‰ã‚“,25637125,https://www.pixiv.net/users/25637125,ã‚‰ã‚“,h_ran85,https://x.com/h_ran85,,,,,,,,,
ã‚Šã©ã‚Š,,000121,ã‚Šã©ã‚Š,36797749,https://www.pixiv.net/users/36797749,ã‚Šã©ã‚Š,RETRI999,https://x.com/RETRI999,,,,,,,,,
ãƒªãƒ ã‚³ãƒ­,,000122,ãƒªãƒ ã‚³ãƒ­,910381,https://www.pixiv.net/users/910381,ãƒªãƒ ã‚³ãƒ­ã€å›ã®ãƒ©ãƒ–ã‚’è¦‹ã›ã¦ãã‚Œï¼ã€4å·»ç™ºå£²ï¼;ã†ã«ã‚¯ãƒªãƒ¼ãƒ ã‚³ãƒ­ãƒƒã‚±@1æ—¥ç›®å—a-39ab,rimukoro;uni9rimu,https://x.com/rimukoro;https://x.com/uni9rimu,,,,,,,,Manga,
ã‚ŒãŠãˆã‚“,,000123,ã‚ŒãŠãˆã‚“,3927625,https://www.pixiv.net/users/3927625,ã‚ŒãŠãˆã‚“,reoenl,https://x.com/reoenl,,,,,,,,,
ã‚æ¨¹,,000124,ã‚æ¨¹,5947909,https://www.pixiv.net/users/5947909,ã‚æ¨¹,r_oxoki,https://x.com/r_oxoki,,,,,,,,,
ã‚ã‚“ã“ã‚½ãƒ©,,000125,ã‚ã‚“ã“ã‚½ãƒ©,67070101,https://www.pixiv.net/users/67070101,,,,,,,,,,,,
ç‹è§‚é“ƒ,,000126,,,,,,,,,,æˆ‘ç‹ä¼Ÿå¤§,32200784,https://space.bilibili.com/32200784,2025:07:01,,
ã²ã‚,,000127,ã²ã‚,163248,https://www.pixiv.net/users/163248,,,,,,,,,,,,
G-720 èµ·æº,,000128,G-720 èµ·æº,23120641,https://www.pixiv.net/users/23120641,,,,,,,G-720 èµ·æº,587251659,https://space.bilibili.com/587251659,2025:07:07,,
èµ¤é†¬,,000129,,,,èµ¤é†¬,Jamama_666,https://x.com/Jamama_666,,,,,,,,,
Szi_f,,00012a,,,,,,,,,,Szi_f,431436293,https://space.bilibili.com/431436293,2025:07:01,,
