name,pixiv_url,twitter_url,weibo_url,bilibili_url
卜卜(Caaaaarrot),,,https://weibo.com/1963117595,https://space.bilibili.com/150300
彩莉わらび,,,,
茶ごま,,https://x.com/tya_goma,,
晁晁辣辣鱼,,,,
朝白えこ,,,,
尘烟(airt尘),,,,
池内たぬま,,https://x.com/tnm_tyny,,
赤倉,,https://x.com/akakura1341,,
出水ぽすか(ポ～ン),,https://x.com/DemizuPosuka,,
春昼京芒,,https://x.com/nana237209,,https://space.bilibili.com/11354946
岛的鲸,,,https://weibo.com/u/7459593197,https://space.bilibili.com/1687844
荻pote,,https://x.com/ogipote,,
东森薰兔(幸福安心兔委会),,,,
東天紅,,https://x.com/toutenkou10105,,
東西,,https://x.com/TZpoppin_phl95,,
发粪涂墙猫猫虫,,,,https://space.bilibili.com/385651762
放射性彗星,,https://x.com/91231_,,https://space.bilibili.com/1723008064
飛者,,https://x.com/Uwata_h,,
富士やま,,,https://weibo.com/u/7777790407,https://space.bilibili.com/2083962247
紺屋鴉江,,https://x.com/hxPTwPREsH6ll10,https://weibo.com/u/7096336017,
高架(kouka),,,,
隔夜瓜瓜,,,,
狗企鹅(RosehipT72),,,https://weibo.com/u/3584256542,
古代人x(RACHELEE___),,,https://weibo.com/u/6227994839,
